Daily averaged kinematic FBC-overflow flux (transport) in Sv

Data references:
Hansen, B., Larsen, K. M. H., Hátún, H., Kristiansen, R., Mortensen, E. Østerhus
Faroe Bank Channel overflow 1995-2015. Havstovan nr. 15-02. Technical report.
http://www.hav.fo/PDF/Ritgerdir/2015/TecRep1502.pdf
Hansen, B., Larsen, K. M. H., Hátún, Østerhus, S. 2016.: A stable Faroe Bank Cha
Ocean Sci., 12, 1205–1220, 2016. www.ocean-sci.net/12/1205/2016/doi:10.5194/os-1
====================
  Year   Mo Da  Flux
--------------------
1995.867 11 13  2.38
1995.870 11 14  2.99
1995.873 11 15  3.00
1995.875 11 16  3.22
1995.878 11 17  2.75
1995.881 11 18  3.03
1995.884 11 19  2.54
1995.886 11 20  2.57
1995.889 11 21  3.43
1995.892 11 22  2.38
1995.895 11 23  1.48
1995.897 11 24  1.75
1995.900 11 25  2.17
1995.903 11 26  2.30
1995.905 11 27  2.64
1995.908 11 28  2.97
1995.911 11 29  2.60
1995.914 11 30  1.99
1995.916 12  1  2.22
1995.919 12  2  2.22
1995.922 12  3  1.80
1995.925 12  4  1.97
1995.927 12  5  2.30
1995.930 12  6  1.99
1995.933 12  7  1.84
1995.936 12  8  2.47
1995.938 12  9  2.53
1995.941 12 10  2.07
1995.944 12 11  1.89
1995.947 12 12  1.88
1995.949 12 13  2.09
1995.952 12 14  2.61
1995.955 12 15  2.50
1995.958 12 16  2.30
1995.960 12 17  2.25
1995.963 12 18  2.44
1995.966 12 19  2.62
1995.968 12 20  2.69
1995.971 12 21  2.53
1995.974 12 22  2.34
1995.977 12 23  2.28
1995.979 12 24  2.15
1995.982 12 25  1.93
1995.985 12 26  1.80
1995.988 12 27  2.11
1995.990 12 28  2.08
1995.993 12 29  1.64
1995.996 12 30  1.87
1995.999 12 31  3.18
1996.001  1  1  3.81
1996.004  1  2  3.24
1996.007  1  3  2.61
1996.010  1  4  1.98
1996.012  1  5  2.16
1996.015  1  6  2.95
1996.018  1  7  3.68
1996.020  1  8  2.95
1996.023  1  9  2.13
1996.026  1 10  2.97
1996.029  1 11  2.81
1996.031  1 12  2.21
1996.034  1 13  2.51
1996.037  1 14  3.58
1996.040  1 15  3.34
1996.042  1 16  3.09
1996.045  1 17  2.94
1996.048  1 18  2.59
1996.051  1 19  2.46
1996.053  1 20  4.00
1996.056  1 21  3.45
1996.059  1 22  2.21
1996.061  1 23  2.54
1996.064  1 24  2.79
1996.067  1 25  3.82
1996.070  1 26  3.76
1996.072  1 27  2.70
1996.075  1 28  2.24
1996.078  1 29  3.05
1996.081  1 30  2.47
1996.083  1 31  1.97
1996.086  2  1  2.70
1996.089  2  2  3.25
1996.092  2  3  2.68
1996.094  2  4  2.40
1996.097  2  5  2.42
1996.100  2  6  2.18
1996.102  2  7  1.97
1996.105  2  8  1.71
1996.108  2  9  1.78
1996.111  2 10  2.17
1996.113  2 11  1.94
1996.116  2 12  1.47
1996.119  2 13  1.76
1996.122  2 14  2.11
1996.124  2 15  1.38
1996.127  2 16  1.02
1996.130  2 17  1.15
1996.133  2 18  1.93
1996.135  2 19  1.86
1996.138  2 20  1.57
1996.141  2 21  1.37
1996.143  2 22  1.44
1996.146  2 23  1.30
1996.149  2 24  1.19
1996.152  2 25  1.63
1996.154  2 26  1.83
1996.157  2 27  1.54
1996.160  2 28  1.33
1996.163  2 29  1.69
1996.165  3  1  2.12
1996.168  3  2  1.86
1996.171  3  3  1.64
1996.173  3  4  2.30
1996.176  3  5  2.71
1996.179  3  6  2.06
1996.182  3  7  1.74
1996.184  3  8  2.19
1996.187  3  9  2.29
1996.190  3 10  1.91
1996.193  3 11  1.29
1996.195  3 12  1.64
1996.198  3 13  2.01
1996.201  3 14  2.02
1996.204  3 15  2.22
1996.206  3 16  3.03
1996.209  3 17  3.01
1996.212  3 18  3.08
1996.214  3 19  2.56
1996.217  3 20  2.16
1996.220  3 21  1.84
1996.223  3 22  1.77
1996.225  3 23  2.24
1996.228  3 24  2.06
1996.231  3 25  1.79
1996.234  3 26  1.85
1996.236  3 27  1.95
1996.239  3 28  1.73
1996.242  3 29  2.20
1996.245  3 30  2.37
1996.247  3 31  2.20
1996.250  4  1  1.41
1996.253  4  2  1.18
1996.255  4  3  1.56
1996.258  4  4  1.87
1996.261  4  5  1.93
1996.264  4  6  1.90
1996.266  4  7  2.17
1996.269  4  8  1.85
1996.272  4  9  1.25
1996.275  4 10  1.16
1996.277  4 11  1.09
1996.280  4 12  1.33
1996.283  4 13  1.95
1996.286  4 14  2.03
1996.288  4 15  1.77
1996.291  4 16  1.45
1996.294  4 17  1.24
1996.296  4 18  1.39
1996.299  4 19  1.66
1996.302  4 20  2.30
1996.305  4 21  2.60
1996.307  4 22  2.02
1996.310  4 23  2.46
1996.313  4 24  2.44
1996.316  4 25  1.74
1996.318  4 26  1.67
1996.321  4 27  2.33
1996.324  4 28  2.62
1996.327  4 29  1.81
1996.329  4 30  2.06
1996.332  5  1  2.60
1996.335  5  2  2.34
1996.337  5  3  2.08
1996.340  5  4  1.83
1996.343  5  5  1.61
1996.346  5  6  1.54
1996.348  5  7  1.57
1996.351  5  8  1.51
1996.354  5  9  1.87
1996.357  5 10  2.16
1996.359  5 11  2.20
1996.362  5 12  2.21
1996.365  5 13  2.30
1996.367  5 14  2.02
1996.370  5 15  1.91
1996.373  5 16  2.24
1996.376  5 17  2.11
1996.378  5 18  2.19
1996.381  5 19  2.59
1996.384  5 20  2.61
1996.387  5 21  2.36
1996.389  5 22  2.39
1996.392  5 23  2.45
1996.395  5 24  2.11
1996.458  6 16  2.31
1996.460  6 17  1.54
1996.463  6 18  1.58
1996.466  6 19  1.97
1996.469  6 20  2.15
1996.471  6 21  2.23
1996.474  6 22  3.44
1996.477  6 23  3.28
1996.480  6 24  2.50
1996.482  6 25  2.24
1996.485  6 26  1.86
1996.488  6 27  1.65
1996.490  6 28  1.91
1996.493  6 29  2.08
1996.496  6 30  2.18
1996.499  7  1  2.06
1996.501  7  2  2.27
1996.504  7  3  2.71
1996.507  7  4  3.00
1996.510  7  5  2.56
1996.512  7  6  2.19
1996.515  7  7  2.28
1996.518  7  8  2.07
1996.520  7  9  2.17
1996.523  7 10  2.67
1996.526  7 11  2.65
1996.529  7 12  2.42
1996.531  7 13  2.07
1996.534  7 14  1.87
1996.537  7 15  2.18
1996.540  7 16  2.22
1996.542  7 17  2.00
1996.545  7 18  2.48
1996.548  7 19  2.37
1996.551  7 20  2.17
1996.553  7 21  2.79
1996.556  7 22  3.06
1996.559  7 23  2.16
1996.561  7 24  2.00
1996.564  7 25  2.39
1996.567  7 26  2.34
1996.570  7 27  2.06
1996.572  7 28  1.98
1996.575  7 29  2.01
1996.578  7 30  1.88
1996.581  7 31  1.70
1996.583  8  1  1.68
1996.586  8  2  2.50
1996.589  8  3  2.78
1996.592  8  4  2.39
1996.594  8  5  2.13
1996.597  8  6  1.90
1996.600  8  7  1.99
1996.602  8  8  2.14
1996.605  8  9  2.35
1996.608  8 10  2.46
1996.611  8 11  2.56
1996.613  8 12  2.04
1996.616  8 13  1.71
1996.619  8 14  1.79
1996.622  8 15  2.80
1996.624  8 16  2.65
1996.627  8 17  1.89
1996.630  8 18  2.05
1996.633  8 19  3.00
1996.635  8 20  3.16
1996.638  8 21  3.16
1996.641  8 22  3.04
1996.643  8 23  3.12
1996.646  8 24  2.65
1996.649  8 25  1.97
1996.652  8 26  2.27
1996.654  8 27  3.16
1996.657  8 28  2.42
1996.660  8 29  1.82
1996.663  8 30  2.52
1996.665  8 31  2.60
1996.668  9  1  1.94
1996.671  9  2  1.84
1996.673  9  3  1.94
1996.676  9  4  4.03
1996.679  9  5  2.96
1996.682  9  6  1.80
1996.684  9  7  2.12
1996.687  9  8  2.89
1996.690  9  9  2.63
1996.693  9 10  1.88
1996.695  9 11  2.46
1996.698  9 12  2.97
1996.701  9 13  2.08
1996.704  9 14  2.20
1996.706  9 15  2.89
1996.709  9 16  2.46
1996.712  9 17  1.57
1996.714  9 18  1.60
1996.717  9 19  2.00
1996.720  9 20  2.30
1996.723  9 21  1.93
1996.725  9 22  1.51
1996.728  9 23  1.54
1996.731  9 24  1.61
1996.734  9 25  1.81
1996.736  9 26  1.53
1996.739  9 27  1.36
1996.742  9 28  1.31
1996.745  9 29  1.72
1996.747  9 30  1.56
1996.750 10  1  1.47
1996.753 10  2  1.65
1996.755 10  3  1.48
1996.758 10  4  1.12
1996.761 10  5  1.02
1996.764 10  6  1.18
1996.766 10  7  1.28
1996.769 10  8  1.18
1996.772 10  9  1.02
1996.775 10 10  1.04
1996.777 10 11  1.17
1996.780 10 12  1.10
1996.783 10 13  1.28
1996.786 10 14  1.47
1996.788 10 15  1.16
1996.791 10 16  1.40
1996.794 10 17  1.86
1996.796 10 18  1.98
1996.799 10 19  1.84
1996.802 10 20  1.77
1996.805 10 21  1.32
1996.807 10 22  1.20
1996.810 10 23  1.44
1996.813 10 24  1.40
1996.816 10 25  1.43
1996.818 10 26  1.46
1996.821 10 27  1.65
1996.824 10 28  1.64
1996.827 10 29  1.76
1996.829 10 30  1.43
1996.832 10 31  1.31
1996.835 11  1  1.74
1996.837 11  2  1.88
1996.840 11  3  1.62
1996.843 11  4  1.46
1996.846 11  5  1.66
1996.848 11  6  1.74
1996.851 11  7  1.52
1996.854 11  8  1.35
1996.857 11  9  1.47
1996.859 11 10  1.98
1996.862 11 11  2.46
1996.865 11 12  1.98
1996.867 11 13  1.72
1996.870 11 14  1.75
1996.873 11 15  1.74
1996.876 11 16  1.41
1996.878 11 17  1.21
1996.881 11 18  1.28
1996.884 11 19  1.54
1996.887 11 20  1.85
1996.889 11 21  2.18
1996.892 11 22  2.05
1996.895 11 23  2.10
1996.898 11 24  2.47
1996.900 11 25  1.94
1996.903 11 26  1.30
1996.906 11 27  1.46
1996.908 11 28  1.70
1996.911 11 29  1.80
1996.914 11 30  1.96
1996.917 12  1  2.21
1996.919 12  2  2.00
1996.922 12  3  1.70
1996.925 12  4  1.74
1996.928 12  5  1.77
1996.930 12  6  1.74
1996.933 12  7  2.21
1996.936 12  8  1.93
1996.939 12  9  1.87
1996.941 12 10  1.93
1996.944 12 11  2.06
1996.947 12 12  1.77
1996.949 12 13  1.54
1996.952 12 14  1.39
1996.955 12 15  1.34
1996.958 12 16  1.81
1996.960 12 17  3.23
1996.963 12 18  3.48
1996.966 12 19  3.05
1996.969 12 20  3.10
1996.971 12 21  2.89
1996.974 12 22  2.32
1996.977 12 23  2.25
1996.980 12 24  2.05
1996.982 12 25  1.95
1996.985 12 26  1.98
1996.988 12 27  2.18
1996.990 12 28  2.35
1996.993 12 29  2.73
1996.996 12 30  2.56
1996.999 12 31  2.68
1997.001  1  1  2.97
1997.004  1  2  3.19
1997.007  1  3  2.70
1997.010  1  4  1.97
1997.012  1  5  2.09
1997.015  1  6  2.45
1997.018  1  7  2.22
1997.021  1  8  2.33
1997.023  1  9  2.79
1997.026  1 10  2.45
1997.029  1 11  2.07
1997.032  1 12  1.60
1997.034  1 13  1.69
1997.037  1 14  2.07
1997.040  1 15  2.26
1997.042  1 16  1.99
1997.045  1 17  1.71
1997.048  1 18  2.26
1997.051  1 19  2.51
1997.053  1 20  2.16
1997.056  1 21  1.47
1997.059  1 22  1.59
1997.062  1 23  2.12
1997.064  1 24  2.53
1997.067  1 25  2.33
1997.070  1 26  2.19
1997.073  1 27  2.27
1997.075  1 28  2.52
1997.078  1 29  2.09
1997.081  1 30  1.72
1997.084  1 31  2.42
1997.086  2  1  2.50
1997.089  2  2  1.74
1997.092  2  3  1.63
1997.095  2  4  1.96
1997.097  2  5  2.73
1997.100  2  6  2.49
1997.103  2  7  1.38
1997.105  2  8  1.26
1997.108  2  9  1.83
1997.111  2 10  2.39
1997.114  2 11  1.97
1997.116  2 12  1.42
1997.119  2 13  1.37
1997.122  2 14  2.00
1997.125  2 15  1.54
1997.127  2 16  1.27
1997.130  2 17  1.26
1997.133  2 18  1.23
1997.136  2 19  1.12
1997.138  2 20  1.44
1997.141  2 21  0.91
1997.144  2 22  1.08
1997.147  2 23  0.95
1997.149  2 24  1.25
1997.152  2 25  1.05
1997.155  2 26  1.20
1997.158  2 27  1.63
1997.160  2 28  1.82
1997.163  3  1  1.23
1997.166  3  2  1.41
1997.168  3  3  1.56
1997.171  3  4  1.56
1997.174  3  5  1.43
1997.177  3  6  1.55
1997.179  3  7  2.08
1997.182  3  8  0.81
1997.185  3  9  0.82
1997.188  3 10  1.14
1997.190  3 11  1.30
1997.193  3 12  1.71
1997.196  3 13  1.64
1997.199  3 14  1.90
1997.201  3 15  2.20
1997.204  3 16  2.26
1997.207  3 17  3.17
1997.210  3 18  3.23
1997.212  3 19  3.18
1997.215  3 20  2.33
1997.218  3 21  2.29
1997.221  3 22  2.91
1997.223  3 23  2.24
1997.226  3 24  1.61
1997.229  3 25  1.27
1997.232  3 26  1.15
1997.234  3 27  0.98
1997.237  3 28  1.08
1997.240  3 29  1.51
1997.242  3 30  1.48
1997.245  3 31  1.39
1997.248  4  1  1.56
1997.251  4  2  2.07
1997.253  4  3  1.90
1997.256  4  4  2.06
1997.259  4  5  2.12
1997.262  4  6  2.22
1997.264  4  7  2.05
1997.267  4  8  1.45
1997.270  4  9  1.17
1997.273  4 10  1.20
1997.275  4 11  1.13
1997.278  4 12  1.39
1997.281  4 13  1.54
1997.284  4 14  1.49
1997.286  4 15  1.34
1997.289  4 16  1.48
1997.292  4 17  1.65
1997.295  4 18  2.07
1997.297  4 19  2.23
1997.300  4 20  2.28
1997.303  4 21  1.88
1997.305  4 22  1.63
1997.308  4 23  2.06
1997.311  4 24  2.24
1997.314  4 25  2.03
1997.316  4 26  1.86
1997.319  4 27  1.90
1997.322  4 28  1.75
1997.325  4 29  1.54
1997.327  4 30  1.76
1997.330  5  1  2.59
1997.333  5  2  2.47
1997.336  5  3  2.14
1997.338  5  4  2.17
1997.341  5  5  2.43
1997.344  5  6  2.35
1997.347  5  7  1.74
1997.349  5  8  1.54
1997.352  5  9  1.60
1997.355  5 10  1.69
1997.358  5 11  2.02
1997.360  5 12  1.65
1997.363  5 13  1.64
1997.366  5 14  1.47
1997.368  5 15  1.66
1997.371  5 16  2.36
1997.374  5 17  2.81
1997.377  5 18  2.38
1997.379  5 19  2.37
1997.382  5 20  2.74
1997.385  5 21  2.43
1997.388  5 22  1.99
1997.390  5 23  1.93
1997.393  5 24  2.49
1997.459  6 17  3.06
1997.462  6 18  2.72
1997.464  6 19  2.11
1997.467  6 20  1.53
1997.470  6 21  1.36
1997.473  6 22  2.66
1997.475  6 23  3.26
1997.478  6 24  2.52
1997.481  6 25  2.45
1997.484  6 26  2.91
1997.486  6 27  2.54
1997.489  6 28  2.21
1997.492  6 29  2.39
1997.495  6 30  2.36
1997.497  7  1  2.23
1997.500  7  2  2.13
1997.503  7  3  2.84
1997.505  7  4  2.93
1997.508  7  5  2.56
1997.511  7  6  2.53
1997.514  7  7  2.65
1997.516  7  8  1.81
1997.519  7  9  1.78
1997.522  7 10  2.97
1997.525  7 11  2.81
1997.527  7 12  2.23
1997.530  7 13  2.28
1997.533  7 14  2.71
1997.536  7 15  2.37
1997.538  7 16  1.92
1997.541  7 17  1.86
1997.544  7 18  2.38
1997.547  7 19  2.42
1997.549  7 20  2.11
1997.552  7 21  2.22
1997.555  7 22  2.46
1997.558  7 23  2.31
1997.560  7 24  2.11
1997.563  7 25  2.21
1997.566  7 26  2.18
1997.568  7 27  1.94
1997.571  7 28  1.75
1997.574  7 29  2.03
1997.577  7 30  2.18
1997.579  7 31  1.93
1997.582  8  1  1.90
1997.585  8  2  2.09
1997.588  8  3  2.11
1997.590  8  4  1.97
1997.593  8  5  2.13
1997.596  8  6  2.43
1997.599  8  7  2.44
1997.601  8  8  2.68
1997.604  8  9  3.07
1997.607  8 10  2.82
1997.610  8 11  2.33
1997.612  8 12  2.30
1997.615  8 13  2.63
1997.618  8 14  2.91
1997.621  8 15  3.30
1997.623  8 16  3.11
1997.626  8 17  2.30
1997.629  8 18  2.55
1997.632  8 19  2.93
1997.634  8 20  2.43
1997.637  8 21  2.23
1997.640  8 22  2.37
1997.642  8 23  2.43
1997.645  8 24  2.57
1997.648  8 25  2.48
1997.651  8 26  2.21
1997.653  8 27  2.07
1997.656  8 28  2.38
1997.659  8 29  2.33
1997.662  8 30  2.40
1997.664  8 31  2.44
1997.667  9  1  2.53
1997.670  9  2  2.28
1997.673  9  3  2.03
1997.675  9  4  2.03
1997.678  9  5  1.86
1997.681  9  6  1.84
1997.684  9  7  2.14
1997.686  9  8  2.04
1997.689  9  9  1.88
1997.692  9 10  2.02
1997.695  9 11  2.22
1997.697  9 12  2.04
1997.700  9 13  1.72
1997.703  9 14  2.09
1997.705  9 15  2.23
1997.708  9 16  1.79
1997.711  9 17  1.90
1997.714  9 18  1.69
1997.716  9 19  1.93
1997.719  9 20  2.00
1997.722  9 21  2.02
1997.725  9 22  2.14
1997.727  9 23  2.08
1997.730  9 24  1.97
1997.733  9 25  1.80
1997.736  9 26  1.75
1997.738  9 27  1.67
1997.741  9 28  1.74
1997.744  9 29  1.78
1997.747  9 30  1.59
1997.749 10  1  1.44
1997.752 10  2  1.48
1997.755 10  3  1.67
1997.758 10  4  1.65
1997.760 10  5  1.73
1997.763 10  6  1.99
1997.766 10  7  2.06
1997.768 10  8  2.19
1997.771 10  9  1.97
1997.774 10 10  1.81
1997.777 10 11  2.14
1997.779 10 12  2.50
1997.782 10 13  2.51
1997.785 10 14  2.56
1997.788 10 15  2.34
1997.790 10 16  2.21
1997.793 10 17  1.96
1997.796 10 18  1.70
1997.799 10 19  1.84
1997.801 10 20  2.41
1997.804 10 21  2.87
1997.807 10 22  2.58
1997.810 10 23  2.24
1997.812 10 24  2.69
1997.815 10 25  2.43
1997.818 10 26  2.60
1997.821 10 27  3.01
1997.823 10 28  2.47
1997.826 10 29  1.72
1997.829 10 30  1.46
1997.832 10 31  1.57
1997.834 11  1  1.99
1997.837 11  2  2.43
1997.840 11  3  2.99
1997.842 11  4  2.89
1997.845 11  5  2.64
1997.848 11  6  2.20
1997.851 11  7  2.21
1997.853 11  8  2.14
1997.856 11  9  2.40
1997.859 11 10  2.50
1997.862 11 11  1.88
1997.864 11 12  1.50
1997.867 11 13  1.26
1997.870 11 14  1.40
1997.873 11 15  1.86
1997.875 11 16  2.10
1997.878 11 17  1.82
1997.881 11 18  1.76
1997.884 11 19  1.89
1997.886 11 20  2.20
1997.889 11 21  2.89
1997.892 11 22  2.35
1997.895 11 23  2.06
1997.897 11 24  2.74
1997.900 11 25  2.98
1997.903 11 26  2.76
1997.905 11 27  2.79
1997.908 11 28  2.80
1997.911 11 29  2.54
1997.914 11 30  2.38
1997.916 12  1  2.41
1997.919 12  2  2.24
1997.922 12  3  2.08
1997.925 12  4  2.07
1997.927 12  5  2.10
1997.930 12  6  2.47
1997.933 12  7  2.21
1997.936 12  8  1.95
1997.938 12  9  2.23
1997.941 12 10  2.46
1997.944 12 11  2.35
1997.947 12 12  2.15
1997.949 12 13  2.06
1997.952 12 14  2.12
1997.955 12 15  1.83
1997.958 12 16  1.53
1997.960 12 17  1.59
1997.963 12 18  3.04
1997.966 12 19  3.89
1997.968 12 20  3.01
1997.971 12 21  3.00
1997.974 12 22  2.94
1997.977 12 23  2.21
1997.979 12 24  1.95
1997.982 12 25  2.19
1997.985 12 26  3.12
1997.988 12 27  2.47
1997.990 12 28  2.03
1997.993 12 29  2.25
1997.996 12 30  2.62
1997.999 12 31  2.56
1998.001  1  1  2.64
1998.004  1  2  2.80
1998.007  1  3  2.47
1998.010  1  4  2.16
1998.012  1  5  1.58
1998.015  1  6  1.45
1998.018  1  7  1.73
1998.021  1  8  1.80
1998.023  1  9  2.28
1998.026  1 10  2.04
1998.029  1 11  2.41
1998.032  1 12  2.71
1998.034  1 13  2.70
1998.037  1 14  2.68
1998.040  1 15  2.44
1998.042  1 16  2.19
1998.045  1 17  2.31
1998.048  1 18  2.59
1998.051  1 19  2.60
1998.053  1 20  2.53
1998.056  1 21  2.53
1998.059  1 22  2.21
1998.062  1 23  2.30
1998.064  1 24  2.54
1998.067  1 25  2.10
1998.070  1 26  2.22
1998.073  1 27  2.48
1998.075  1 28  2.41
1998.078  1 29  2.02
1998.081  1 30  1.96
1998.084  1 31  2.39
1998.086  2  1  2.55
1998.089  2  2  2.28
1998.092  2  3  2.11
1998.095  2  4  1.96
1998.097  2  5  1.81
1998.100  2  6  1.55
1998.103  2  7  1.37
1998.105  2  8  1.31
1998.108  2  9  0.96
1998.111  2 10  0.99
1998.114  2 11  1.16
1998.116  2 12  1.62
1998.119  2 13  2.02
1998.122  2 14  2.01
1998.125  2 15  2.26
1998.127  2 16  1.94
1998.130  2 17  2.13
1998.133  2 18  2.13
1998.136  2 19  1.96
1998.138  2 20  1.78
1998.141  2 21  1.88
1998.144  2 22  1.36
1998.147  2 23  1.10
1998.149  2 24  1.14
1998.152  2 25  1.26
1998.155  2 26  1.56
1998.158  2 27  1.63
1998.160  2 28  1.87
1998.163  3  1  2.18
1998.166  3  2  2.01
1998.168  3  3  2.19
1998.171  3  4  2.03
1998.174  3  5  2.07
1998.177  3  6  2.22
1998.179  3  7  2.22
1998.182  3  8  2.12
1998.185  3  9  2.55
1998.188  3 10  2.36
1998.190  3 11  1.43
1998.193  3 12  1.21
1998.196  3 13  1.31
1998.199  3 14  1.56
1998.201  3 15  1.44
1998.204  3 16  1.11
1998.207  3 17  1.13
1998.210  3 18  1.24
1998.212  3 19  1.42
1998.215  3 20  1.25
1998.218  3 21  1.43
1998.221  3 22  1.84
1998.223  3 23  1.84
1998.226  3 24  1.66
1998.229  3 25  1.66
1998.232  3 26  1.24
1998.234  3 27  1.25
1998.237  3 28  1.87
1998.240  3 29  1.83
1998.242  3 30  1.69
1998.245  3 31  1.97
1998.248  4  1  2.87
1998.251  4  2  2.63
1998.253  4  3  2.50
1998.256  4  4  2.53
1998.259  4  5  2.70
1998.262  4  6  2.24
1998.264  4  7  1.81
1998.267  4  8  1.69
1998.270  4  9  2.05
1998.273  4 10  2.67
1998.275  4 11  3.11
1998.278  4 12  2.11
1998.281  4 13  1.80
1998.284  4 14  2.01
1998.286  4 15  1.96
1998.289  4 16  1.84
1998.292  4 17  1.90
1998.295  4 18  1.91
1998.297  4 19  2.45
1998.300  4 20  1.76
1998.303  4 21  1.12
1998.305  4 22  1.03
1998.308  4 23  1.51
1998.311  4 24  1.89
1998.314  4 25  2.09
1998.316  4 26  1.84
1998.319  4 27  1.72
1998.322  4 28  1.53
1998.325  4 29  1.43
1998.327  4 30  1.45
1998.330  5  1  1.58
1998.333  5  2  2.22
1998.336  5  3  2.00
1998.338  5  4  1.37
1998.341  5  5  1.45
1998.344  5  6  2.16
1998.347  5  7  2.11
1998.349  5  8  1.78
1998.352  5  9  1.85
1998.355  5 10  2.45
1998.358  5 11  2.16
1998.360  5 12  1.78
1998.363  5 13  1.66
1998.366  5 14  1.58
1998.368  5 15  1.94
1998.371  5 16  2.07
1998.374  5 17  1.76
1998.377  5 18  1.57
1998.379  5 19  1.89
1998.382  5 20  3.00
1998.385  5 21  2.99
1998.388  5 22  2.39
1998.390  5 23  1.89
1998.393  5 24  1.62
1998.396  5 25  1.65
1998.399  5 26  2.12
1998.401  5 27  2.61
1998.404  5 28  2.27
1998.407  5 29  1.87
1998.410  5 30  2.62
1998.412  5 31  3.51
1998.415  6  1  2.36
1998.418  6  2  2.05
1998.421  6  3  2.67
1998.423  6  4  2.86
1998.426  6  5  2.23
1998.429  6  6  1.95
1998.432  6  7  1.84
1998.434  6  8  2.39
1998.437  6  9  1.88
1998.440  6 10  1.46
1998.442  6 11  1.62
1998.445  6 12  2.25
1998.448  6 13  2.89
1998.505  7  4  1.71
1998.508  7  5  2.07
1998.511  7  6  2.51
1998.514  7  7  2.58
1998.516  7  8  2.08
1998.519  7  9  2.02
1998.522  7 10  2.09
1998.525  7 11  1.92
1998.527  7 12  1.95
1998.530  7 13  2.16
1998.533  7 14  2.39
1998.536  7 15  2.65
1998.538  7 16  2.81
1998.541  7 17  2.57
1998.544  7 18  2.43
1998.547  7 19  2.73
1998.549  7 20  2.94
1998.552  7 21  3.42
1998.555  7 22  3.06
1998.558  7 23  2.08
1998.560  7 24  1.62
1998.563  7 25  1.91
1998.566  7 26  2.39
1998.568  7 27  2.16
1998.571  7 28  2.16
1998.574  7 29  2.19
1998.577  7 30  2.58
1998.579  7 31  2.80
1998.582  8  1  2.42
1998.585  8  2  2.19
1998.588  8  3  1.97
1998.590  8  4  2.02
1998.593  8  5  2.11
1998.596  8  6  2.20
1998.599  8  7  2.02
1998.601  8  8  2.15
1998.604  8  9  2.33
1998.607  8 10  2.56
1998.610  8 11  2.78
1998.612  8 12  2.43
1998.615  8 13  2.18
1998.618  8 14  2.06
1998.621  8 15  2.00
1998.623  8 16  1.83
1998.626  8 17  1.74
1998.629  8 18  2.09
1998.632  8 19  2.41
1998.634  8 20  2.41
1998.637  8 21  1.71
1998.640  8 22  1.92
1998.642  8 23  2.85
1998.645  8 24  2.73
1998.648  8 25  2.27
1998.651  8 26  2.29
1998.653  8 27  2.87
1998.656  8 28  2.52
1998.659  8 29  1.90
1998.662  8 30  2.18
1998.664  8 31  2.31
1998.667  9  1  2.30
1998.670  9  2  2.03
1998.673  9  3  2.00
1998.675  9  4  2.69
1998.678  9  5  2.85
1998.681  9  6  2.51
1998.684  9  7  2.45
1998.686  9  8  2.46
1998.689  9  9  2.27
1998.692  9 10  2.12
1998.695  9 11  2.13
1998.700  9 13  2.09
1998.703  9 14  2.17
1998.705  9 15  2.51
1998.708  9 16  2.40
1998.711  9 17  2.54
1998.714  9 18  2.69
1998.716  9 19  2.82
1998.719  9 20  2.79
1998.722  9 21  2.50
1998.725  9 22  2.60
1998.727  9 23  2.95
1998.730  9 24  2.94
1998.733  9 25  2.92
1998.736  9 26  3.12
1998.738  9 27  3.17
1998.741  9 28  2.89
1998.744  9 29  3.06
1998.747  9 30  3.92
1998.749 10  1  3.94
1998.752 10  2  2.83
1998.755 10  3  2.55
1998.758 10  4  3.22
1998.760 10  5  2.30
1998.763 10  6  2.77
1998.766 10  7  3.05
1998.768 10  8  2.76
1998.771 10  9  2.00
1998.774 10 10  2.02
1998.777 10 11  2.85
1998.779 10 12  2.83
1998.782 10 13  2.37
1998.785 10 14  2.14
1998.788 10 15  2.89
1998.790 10 16  3.61
1998.793 10 17  3.39
1998.796 10 18  3.15
1998.799 10 19  3.01
1998.801 10 20  2.35
1998.804 10 21  1.63
1998.807 10 22  1.15
1998.810 10 23  1.47
1998.812 10 24  1.72
1998.815 10 25  1.86
1998.818 10 26  1.59
1998.821 10 27  1.58
1998.823 10 28  1.85
1998.826 10 29  2.04
1998.829 10 30  2.83
1998.832 10 31  2.07
1998.834 11  1  2.19
1998.837 11  2  2.36
1998.840 11  3  2.03
1998.842 11  4  2.10
1998.845 11  5  2.13
1998.848 11  6  2.94
1998.851 11  7  2.99
1998.853 11  8  2.60
1998.856 11  9  2.59
1998.859 11 10  2.15
1998.862 11 11  2.13
1998.864 11 12  2.63
1998.867 11 13  2.83
1998.870 11 14  3.40
1998.873 11 15  3.49
1998.875 11 16  3.03
1998.878 11 17  3.16
1998.881 11 18  3.68
1998.884 11 19  3.13
1998.886 11 20  2.55
1998.889 11 21  2.03
1998.892 11 22  2.13
1998.895 11 23  2.82
1998.897 11 24  2.34
1998.900 11 25  1.84
1998.903 11 26  2.08
1998.905 11 27  2.03
1998.908 11 28  1.68
1998.911 11 29  1.59
1998.914 11 30  1.89
1998.916 12  1  1.67
1998.919 12  2  1.45
1998.922 12  3  1.24
1998.925 12  4  1.45
1998.927 12  5  1.75
1998.930 12  6  1.89
1998.933 12  7  1.93
1998.936 12  8  1.83
1998.938 12  9  1.55
1998.941 12 10  1.33
1998.944 12 11  1.24
1998.947 12 12  1.61
1998.949 12 13  1.54
1998.952 12 14  1.73
1998.955 12 15  1.29
1998.958 12 16  1.46
1998.960 12 17  1.69
1998.963 12 18  2.12
1998.966 12 19  2.99
1998.968 12 20  3.14
1998.971 12 21  2.84
1998.974 12 22  3.12
1998.977 12 23  2.77
1998.979 12 24  2.29
1998.982 12 25  1.69
1998.985 12 26  2.02
1998.988 12 27  2.50
1998.990 12 28  2.25
1998.993 12 29  2.34
1998.996 12 30  2.40
1998.999 12 31  2.52
1999.001  1  1  1.97
1999.004  1  2  1.65
1999.007  1  3  1.74
1999.010  1  4  1.82
1999.012  1  5  2.08
1999.015  1  6  2.50
1999.018  1  7  2.72
1999.021  1  8  2.87
1999.023  1  9  3.11
1999.026  1 10  2.73
1999.029  1 11  2.43
1999.032  1 12  2.30
1999.034  1 13  1.94
1999.037  1 14  1.52
1999.040  1 15  1.21
1999.042  1 16  0.86
1999.045  1 17  0.90
1999.048  1 18  1.37
1999.051  1 19  1.52
1999.053  1 20  1.38
1999.056  1 21  1.59
1999.059  1 22  1.81
1999.062  1 23  1.78
1999.064  1 24  1.59
1999.067  1 25  1.35
1999.070  1 26  1.35
1999.073  1 27  1.66
1999.075  1 28  1.88
1999.078  1 29  1.51
1999.081  1 30  1.61
1999.084  1 31  2.13
1999.086  2  1  1.96
1999.089  2  2  1.86
1999.092  2  3  1.57
1999.095  2  4  1.48
1999.097  2  5  1.39
1999.100  2  6  1.42
1999.103  2  7  1.17
1999.105  2  8  1.12
1999.108  2  9  1.15
1999.111  2 10  1.28
1999.114  2 11  1.36
1999.116  2 12  1.41
1999.119  2 13  1.23
1999.122  2 14  1.09
1999.125  2 15  1.04
1999.127  2 16  1.29
1999.130  2 17  1.51
1999.133  2 18  1.55
1999.136  2 19  1.12
1999.138  2 20  0.71
1999.141  2 21  0.58
1999.144  2 22  0.56
1999.147  2 23  1.04
1999.149  2 24  1.78
1999.152  2 25  1.69
1999.155  2 26  1.02
1999.158  2 27  1.53
1999.160  2 28  1.61
1999.163  3  1  1.51
1999.166  3  2  1.48
1999.168  3  3  1.61
1999.171  3  4  1.51
1999.174  3  5  1.30
1999.177  3  6  1.29
1999.179  3  7  1.54
1999.182  3  8  1.97
1999.185  3  9  1.93
1999.188  3 10  2.05
1999.190  3 11  2.44
1999.193  3 12  1.95
1999.196  3 13  1.40
1999.199  3 14  0.99
1999.201  3 15  0.66
1999.204  3 16  0.69
1999.207  3 17  1.37
1999.210  3 18  1.47
1999.212  3 19  1.38
1999.215  3 20  1.36
1999.218  3 21  1.21
1999.221  3 22  1.22
1999.223  3 23  1.04
1999.226  3 24  1.26
1999.229  3 25  1.33
1999.232  3 26  1.36
1999.234  3 27  1.49
1999.237  3 28  1.55
1999.240  3 29  1.21
1999.242  3 30  0.89
1999.245  3 31  0.99
1999.248  4  1  1.25
1999.251  4  2  1.26
1999.253  4  3  1.10
1999.256  4  4  1.35
1999.259  4  5  1.51
1999.262  4  6  1.77
1999.264  4  7  1.58
1999.267  4  8  1.67
1999.270  4  9  1.62
1999.273  4 10  1.51
1999.275  4 11  1.79
1999.278  4 12  2.08
1999.281  4 13  1.57
1999.284  4 14  1.23
1999.286  4 15  1.23
1999.289  4 16  1.18
1999.292  4 17  1.03
1999.295  4 18  1.09
1999.297  4 19  1.16
1999.300  4 20  1.35
1999.303  4 21  1.62
1999.305  4 22  1.90
1999.308  4 23  1.84
1999.311  4 24  2.06
1999.314  4 25  2.60
1999.316  4 26  2.88
1999.319  4 27  2.62
1999.322  4 28  1.81
1999.325  4 29  1.44
1999.327  4 30  1.57
1999.330  5  1  2.11
1999.333  5  2  2.21
1999.336  5  3  2.20
1999.338  5  4  2.55
1999.341  5  5  2.43
1999.344  5  6  2.16
1999.347  5  7  1.60
1999.349  5  8  1.55
1999.352  5  9  1.90
1999.355  5 10  2.58
1999.358  5 11  2.37
1999.360  5 12  1.86
1999.363  5 13  2.44
1999.366  5 14  2.55
1999.368  5 15  2.36
1999.371  5 16  2.13
1999.374  5 17  2.19
1999.377  5 18  1.87
1999.379  5 19  1.65
1999.382  5 20  2.12
1999.385  5 21  2.89
1999.388  5 22  2.60
1999.390  5 23  1.43
1999.393  5 24  1.31
1999.396  5 25  1.78
1999.399  5 26  2.17
1999.401  5 27  1.69
1999.404  5 28  1.52
1999.407  5 29  1.61
1999.410  5 30  2.42
1999.412  5 31  2.41
1999.415  6  1  1.18
1999.418  6  2  0.94
1999.421  6  3  1.61
1999.423  6  4  2.20
1999.426  6  5  2.34
1999.429  6  6  3.10
1999.432  6  7  3.22
1999.434  6  8  2.78
1999.437  6  9  2.41
1999.440  6 10  2.52
1999.442  6 11  2.41
1999.445  6 12  1.97
1999.508  7  5  2.68
1999.511  7  6  1.96
1999.514  7  7  1.79
1999.516  7  8  2.60
1999.519  7  9  3.43
1999.522  7 10  2.75
1999.525  7 11  2.38
1999.527  7 12  2.27
1999.530  7 13  2.07
1999.533  7 14  2.02
1999.536  7 15  2.25
1999.538  7 16  2.08
1999.541  7 17  2.01
1999.544  7 18  2.00
1999.547  7 19  2.29
1999.549  7 20  2.52
1999.552  7 21  2.19
1999.555  7 22  2.33
1999.558  7 23  2.57
1999.560  7 24  2.27
1999.563  7 25  2.13
1999.566  7 26  2.19
1999.568  7 27  2.74
1999.571  7 28  3.47
1999.574  7 29  3.30
1999.577  7 30  3.06
1999.579  7 31  2.66
1999.582  8  1  2.68
1999.585  8  2  2.58
1999.588  8  3  2.65
1999.590  8  4  3.03
1999.593  8  5  2.79
1999.596  8  6  2.85
1999.599  8  7  3.13
1999.601  8  8  2.88
1999.604  8  9  2.36
1999.607  8 10  2.70
1999.610  8 11  2.97
1999.612  8 12  2.65
1999.615  8 13  2.76
1999.618  8 14  2.95
1999.621  8 15  2.48
1999.623  8 16  2.41
1999.626  8 17  2.63
1999.629  8 18  2.62
1999.632  8 19  2.24
1999.634  8 20  2.43
1999.637  8 21  3.88
1999.640  8 22  2.99
1999.642  8 23  2.09
1999.645  8 24  2.53
1999.648  8 25  3.12
1999.651  8 26  3.02
1999.653  8 27  2.58
1999.656  8 28  2.28
1999.659  8 29  2.46
1999.662  8 30  2.36
1999.664  8 31  2.39
1999.667  9  1  2.24
1999.670  9  2  1.73
1999.673  9  3  1.73
1999.675  9  4  2.36
1999.678  9  5  2.36
1999.681  9  6  2.00
1999.684  9  7  2.21
1999.686  9  8  3.01
1999.689  9  9  2.69
1999.692  9 10  1.83
1999.695  9 11  1.86
1999.697  9 12  2.42
1999.700  9 13  2.66
1999.703  9 14  2.17
1999.705  9 15  2.32
1999.708  9 16  2.66
1999.711  9 17  2.40
1999.714  9 18  1.98
1999.716  9 19  1.98
1999.719  9 20  2.12
1999.722  9 21  2.09
1999.725  9 22  2.13
1999.727  9 23  2.19
1999.730  9 24  2.05
1999.733  9 25  2.01
1999.736  9 26  2.20
1999.738  9 27  2.35
1999.741  9 28  2.26
1999.744  9 29  2.23
1999.747  9 30  2.02
1999.749 10  1  1.84
1999.752 10  2  1.81
1999.755 10  3  1.72
1999.758 10  4  1.73
1999.760 10  5  1.95
1999.763 10  6  2.17
1999.766 10  7  2.16
1999.768 10  8  2.06
1999.771 10  9  2.14
1999.774 10 10  2.03
1999.777 10 11  1.91
1999.779 10 12  1.75
1999.782 10 13  1.77
1999.785 10 14  1.80
1999.788 10 15  2.07
1999.790 10 16  2.40
1999.793 10 17  2.50
1999.796 10 18  2.16
1999.799 10 19  1.88
1999.801 10 20  1.79
1999.804 10 21  2.20
1999.807 10 22  2.71
1999.810 10 23  2.74
1999.812 10 24  2.39
1999.815 10 25  2.36
1999.818 10 26  2.07
1999.821 10 27  1.68
1999.823 10 28  1.48
1999.826 10 29  1.46
1999.829 10 30  1.56
1999.832 10 31  1.49
1999.834 11  1  1.36
1999.837 11  2  1.27
1999.840 11  3  1.36
1999.842 11  4  1.29
1999.845 11  5  1.27
1999.848 11  6  1.45
1999.851 11  7  1.63
1999.853 11  8  1.55
1999.856 11  9  1.74
1999.859 11 10  1.87
1999.862 11 11  1.81
1999.864 11 12  1.76
1999.867 11 13  1.77
1999.870 11 14  1.68
1999.873 11 15  1.72
1999.875 11 16  1.95
1999.878 11 17  2.34
1999.881 11 18  2.52
1999.884 11 19  2.36
1999.886 11 20  2.47
1999.889 11 21  2.31
1999.892 11 22  2.10
1999.895 11 23  1.94
1999.897 11 24  1.68
1999.900 11 25  1.59
1999.903 11 26  1.59
1999.905 11 27  1.21
1999.908 11 28  1.61
1999.911 11 29  1.62
1999.914 11 30  1.35
1999.916 12  1  1.36
1999.919 12  2  1.66
1999.922 12  3  1.84
1999.925 12  4  2.31
1999.927 12  5  2.10
1999.930 12  6  1.89
1999.933 12  7  2.02
1999.936 12  8  2.40
1999.938 12  9  2.62
1999.941 12 10  2.52
1999.944 12 11  2.03
1999.947 12 12  2.31
1999.949 12 13  2.50
1999.952 12 14  1.87
1999.955 12 15  1.65
1999.958 12 16  1.54
1999.960 12 17  1.49
1999.963 12 18  1.65
1999.966 12 19  1.70
1999.968 12 20  1.89
1999.971 12 21  2.02
1999.974 12 22  1.71
1999.977 12 23  1.46
1999.979 12 24  1.57
1999.982 12 25  1.52
1999.985 12 26  1.51
1999.988 12 27  1.44
1999.990 12 28  1.49
1999.993 12 29  1.48
1999.996 12 30  1.41
1999.999 12 31  1.48
2000.001  1  1  1.41
2000.004  1  2  1.13
2000.007  1  3  1.27
2000.010  1  4  1.44
2000.012  1  5  1.58
2000.015  1  6  1.68
2000.018  1  7  1.53
2000.020  1  8  1.18
2000.023  1  9  1.29
2000.026  1 10  1.66
2000.029  1 11  1.57
2000.031  1 12  1.45
2000.034  1 13  1.35
2000.037  1 14  1.64
2000.040  1 15  1.52
2000.042  1 16  1.48
2000.045  1 17  1.57
2000.048  1 18  2.02
2000.051  1 19  2.08
2000.053  1 20  1.83
2000.056  1 21  1.70
2000.059  1 22  1.38
2000.061  1 23  1.39
2000.064  1 24  1.39
2000.067  1 25  1.57
2000.070  1 26  1.80
2000.072  1 27  1.82
2000.075  1 28  1.69
2000.078  1 29  1.08
2000.081  1 30  0.72
2000.083  1 31  0.86
2000.086  2  1  0.85
2000.089  2  2  0.78
2000.092  2  3  0.98
2000.094  2  4  1.36
2000.097  2  5  1.50
2000.100  2  6  1.19
2000.102  2  7  1.35
2000.105  2  8  1.60
2000.108  2  9  1.83
2000.111  2 10  1.88
2000.113  2 11  1.38
2000.116  2 12  1.39
2000.119  2 13  1.53
2000.122  2 14  2.24
2000.124  2 15  1.87
2000.127  2 16  1.58
2000.130  2 17  1.43
2000.133  2 18  1.71
2000.135  2 19  2.05
2000.138  2 20  2.23
2000.141  2 21  1.79
2000.143  2 22  1.72
2000.146  2 23  1.64
2000.149  2 24  1.51
2000.152  2 25  1.39
2000.154  2 26  1.33
2000.157  2 27  1.27
2000.160  2 28  0.86
2000.163  2 29  0.80
2000.165  3  1  1.03
2000.168  3  2  1.46
2000.171  3  3  1.50
2000.173  3  4  1.98
2000.176  3  5  1.76
2000.179  3  6  1.10
2000.182  3  7  1.49
2000.184  3  8  2.04
2000.187  3  9  2.53
2000.190  3 10  2.61
2000.193  3 11  2.52
2000.195  3 12  2.55
2000.198  3 13  1.94
2000.201  3 14  1.28
2000.204  3 15  1.05
2000.206  3 16  1.00
2000.209  3 17  1.24
2000.212  3 18  1.46
2000.214  3 19  1.61
2000.217  3 20  1.31
2000.220  3 21  1.30
2000.223  3 22  1.23
2000.225  3 23  1.59
2000.228  3 24  1.69
2000.231  3 25  1.44
2000.234  3 26  1.32
2000.236  3 27  1.84
2000.239  3 28  3.24
2000.242  3 29  2.45
2000.245  3 30  2.38
2000.247  3 31  3.48
2000.250  4  1  2.56
2000.253  4  2  1.99
2000.255  4  3  1.52
2000.258  4  4  1.52
2000.261  4  5  1.74
2000.264  4  6  1.70
2000.266  4  7  1.36
2000.269  4  8  1.17
2000.272  4  9  1.48
2000.275  4 10  2.17
2000.277  4 11  1.72
2000.280  4 12  1.28
2000.283  4 13  1.83
2000.286  4 14  2.22
2000.288  4 15  1.84
2000.291  4 16  1.70
2000.294  4 17  1.89
2000.296  4 18  1.85
2000.299  4 19  1.73
2000.302  4 20  1.89
2000.305  4 21  2.23
2000.307  4 22  2.05
2000.310  4 23  2.17
2000.313  4 24  2.81
2000.316  4 25  2.74
2000.318  4 26  1.50
2000.321  4 27  1.40
2000.324  4 28  2.34
2000.327  4 29  2.11
2000.329  4 30  2.12
2000.332  5  1  2.15
2000.335  5  2  2.11
2000.337  5  3  2.06
2000.340  5  4  2.13
2000.343  5  5  1.92
2000.346  5  6  1.90
2000.348  5  7  2.05
2000.351  5  8  2.08
2000.354  5  9  2.31
2000.357  5 10  2.46
2000.359  5 11  2.85
2000.362  5 12  2.44
2000.365  5 13  1.71
2000.367  5 14  1.66
2000.370  5 15  2.93
2000.373  5 16  2.55
2000.376  5 17  1.46
2000.378  5 18  1.09
2000.381  5 19  1.21
2000.384  5 20  1.17
2000.387  5 21  1.15
2000.389  5 22  1.34
2000.392  5 23  1.50
2000.395  5 24  1.85
2000.398  5 25  2.05
2000.400  5 26  1.73
2000.403  5 27  1.71
2000.406  5 28  1.80
2000.408  5 29  2.04
2000.411  5 30  2.37
2000.414  5 31  2.23
2000.417  6  1  2.08
2000.419  6  2  1.56
2000.422  6  3  1.45
2000.425  6  4  1.97
2000.428  6  5  2.13
2000.430  6  6  2.13
2000.433  6  7  2.15
2000.436  6  8  2.06
2000.439  6  9  2.18
2000.441  6 10  1.92
2000.444  6 11  2.06
2000.447  6 12  2.23
2000.449  6 13  1.89
2000.452  6 14  2.03
2000.455  6 15  3.68
2000.458  6 16  3.22
2000.460  6 17  2.84
2000.463  6 18  2.71
2000.523  7 10  2.15
2000.526  7 11  2.13
2000.529  7 12  2.84
2000.531  7 13  2.65
2000.534  7 14  2.15
2000.537  7 15  2.40
2000.540  7 16  2.64
2000.542  7 17  2.14
2000.545  7 18  1.50
2000.548  7 19  1.57
2000.551  7 20  2.80
2000.553  7 21  3.21
2000.556  7 22  2.99
2000.559  7 23  2.48
2000.561  7 24  2.31
2000.564  7 25  2.10
2000.567  7 26  1.79
2000.570  7 27  2.51
2000.572  7 28  2.54
2000.575  7 29  2.53
2000.578  7 30  2.34
2000.581  7 31  2.67
2000.583  8  1  3.08
2000.586  8  2  3.10
2000.589  8  3  2.87
2000.592  8  4  2.41
2000.594  8  5  2.29
2000.597  8  6  2.35
2000.600  8  7  2.36
2000.602  8  8  2.30
2000.605  8  9  2.58
2000.608  8 10  2.43
2000.611  8 11  2.18
2000.613  8 12  2.19
2000.616  8 13  2.80
2000.619  8 14  2.09
2000.622  8 15  2.11
2000.624  8 16  2.62
2000.627  8 17  2.44
2000.630  8 18  2.25
2000.633  8 19  2.28
2000.635  8 20  2.07
2000.638  8 21  1.66
2000.641  8 22  1.81
2000.643  8 23  2.25
2000.646  8 24  2.05
2000.649  8 25  1.76
2000.652  8 26  1.98
2000.654  8 27  2.75
2000.657  8 28  3.78
2000.660  8 29  3.70
2000.663  8 30  2.92
2000.665  8 31  2.81
2000.668  9  1  2.39
2000.671  9  2  2.04
2000.673  9  3  2.15
2000.676  9  4  2.41
2000.679  9  5  2.30
2000.682  9  6  2.18
2000.684  9  7  1.83
2000.687  9  8  1.50
2000.690  9  9  1.77
2000.693  9 10  2.30
2000.695  9 11  2.56
2000.698  9 12  2.84
2000.701  9 13  2.55
2000.704  9 14  1.85
2000.706  9 15  1.34
2000.709  9 16  1.28
2000.712  9 17  1.66
2000.714  9 18  1.97
2000.717  9 19  1.94
2000.720  9 20  1.78
2000.723  9 21  2.01
2000.725  9 22  2.25
2000.728  9 23  1.99
2000.731  9 24  2.25
2000.734  9 25  2.37
2000.736  9 26  2.71
2000.739  9 27  2.84
2000.742  9 28  2.79
2000.745  9 29  2.34
2000.747  9 30  2.19
2000.750 10  1  2.32
2000.753 10  2  2.25
2000.755 10  3  1.99
2000.758 10  4  2.02
2000.761 10  5  1.91
2000.764 10  6  1.76
2000.766 10  7  1.40
2000.769 10  8  1.18
2000.772 10  9  1.39
2000.775 10 10  1.52
2000.777 10 11  1.77
2000.780 10 12  1.71
2000.783 10 13  1.74
2000.786 10 14  1.28
2000.788 10 15  1.13
2000.791 10 16  0.94
2000.794 10 17  1.16
2000.796 10 18  1.52
2000.799 10 19  1.63
2000.802 10 20  1.71
2000.805 10 21  1.82
2000.807 10 22  1.91
2000.810 10 23  2.00
2000.813 10 24  1.95
2000.816 10 25  1.95
2000.818 10 26  1.77
2000.821 10 27  2.05
2000.824 10 28  2.37
2000.827 10 29  2.71
2000.829 10 30  2.30
2000.832 10 31  2.02
2000.835 11  1  2.06
2000.837 11  2  1.82
2000.840 11  3  1.71
2000.843 11  4  1.67
2000.846 11  5  1.57
2000.848 11  6  1.62
2000.851 11  7  2.13
2000.854 11  8  2.17
2000.857 11  9  1.78
2000.859 11 10  1.81
2000.862 11 11  2.43
2000.865 11 12  2.44
2000.867 11 13  2.02
2000.870 11 14  1.72
2000.873 11 15  1.86
2000.876 11 16  1.94
2000.878 11 17  1.97
2000.881 11 18  1.84
2000.884 11 19  1.63
2000.887 11 20  1.73
2000.889 11 21  1.80
2000.892 11 22  1.78
2000.895 11 23  1.64
2000.898 11 24  1.50
2000.900 11 25  1.51
2000.903 11 26  1.44
2000.906 11 27  1.34
2000.908 11 28  1.30
2000.911 11 29  1.48
2000.914 11 30  1.60
2000.917 12  1  1.77
2000.919 12  2  1.86
2000.922 12  3  2.14
2000.925 12  4  2.38
2000.928 12  5  2.53
2000.930 12  6  2.40
2000.933 12  7  2.57
2000.936 12  8  2.54
2000.939 12  9  2.81
2000.941 12 10  2.98
2000.944 12 11  2.84
2000.947 12 12  2.64
2000.949 12 13  2.73
2000.952 12 14  2.85
2000.955 12 15  2.96
2000.958 12 16  2.80
2000.960 12 17  2.37
2000.963 12 18  2.30
2000.966 12 19  2.42
2000.969 12 20  2.79
2000.971 12 21  3.14
2000.974 12 22  2.99
2000.977 12 23  2.83
2000.980 12 24  3.15
2000.982 12 25  3.32
2000.985 12 26  2.73
2000.988 12 27  2.42
2000.990 12 28  2.47
2000.993 12 29  2.60
2000.996 12 30  2.56
2000.999 12 31  2.40
2001.001  1  1  2.47
2001.004  1  2  2.39
2001.007  1  3  2.50
2001.010  1  4  2.22
2001.012  1  5  1.97
2001.015  1  6  2.11
2001.018  1  7  2.37
2001.021  1  8  2.27
2001.023  1  9  1.91
2001.026  1 10  1.88
2001.029  1 11  2.22
2001.032  1 12  3.02
2001.034  1 13  3.20
2001.037  1 14  2.13
2001.040  1 15  1.66
2001.042  1 16  1.83
2001.045  1 17  2.12
2001.048  1 18  2.11
2001.051  1 19  2.02
2001.053  1 20  2.17
2001.056  1 21  2.52
2001.059  1 22  1.95
2001.062  1 23  1.97
2001.064  1 24  2.21
2001.067  1 25  2.60
2001.070  1 26  2.57
2001.073  1 27  2.55
2001.075  1 28  2.71
2001.078  1 29  2.77
2001.081  1 30  2.62
2001.084  1 31  2.58
2001.086  2  1  3.05
2001.089  2  2  2.20
2001.092  2  3  2.15
2001.095  2  4  2.88
2001.097  2  5  2.99
2001.100  2  6  2.68
2001.103  2  7  2.28
2001.105  2  8  2.17
2001.108  2  9  2.28
2001.111  2 10  2.67
2001.114  2 11  2.63
2001.116  2 12  1.99
2001.119  2 13  2.06
2001.122  2 14  2.13
2001.125  2 15  2.40
2001.127  2 16  2.01
2001.130  2 17  1.38
2001.133  2 18  2.27
2001.136  2 19  2.22
2001.138  2 20  2.28
2001.141  2 21  1.84
2001.144  2 22  2.07
2001.147  2 23  2.25
2001.149  2 24  2.49
2001.152  2 25  2.56
2001.155  2 26  2.07
2001.158  2 27  1.63
2001.160  2 28  1.40
2001.163  3  1  1.47
2001.166  3  2  1.66
2001.168  3  3  1.64
2001.171  3  4  1.86
2001.174  3  5  1.47
2001.177  3  6  1.38
2001.179  3  7  2.04
2001.182  3  8  2.03
2001.185  3  9  1.55
2001.188  3 10  1.24
2001.190  3 11  1.31
2001.193  3 12  1.36
2001.196  3 13  1.45
2001.199  3 14  1.77
2001.201  3 15  2.21
2001.204  3 16  2.16
2001.207  3 17  1.72
2001.210  3 18  1.45
2001.212  3 19  1.77
2001.215  3 20  1.86
2001.218  3 21  1.95
2001.221  3 22  2.33
2001.223  3 23  2.97
2001.226  3 24  2.90
2001.229  3 25  2.71
2001.232  3 26  2.85
2001.234  3 27  2.36
2001.237  3 28  1.24
2001.240  3 29  0.81
2001.242  3 30  0.99
2001.245  3 31  1.25
2001.248  4  1  1.16
2001.251  4  2  1.19
2001.253  4  3  1.53
2001.256  4  4  1.57
2001.259  4  5  1.98
2001.262  4  6  2.29
2001.264  4  7  1.93
2001.267  4  8  1.74
2001.270  4  9  1.82
2001.273  4 10  2.15
2001.275  4 11  2.51
2001.278  4 12  2.67
2001.281  4 13  2.26
2001.284  4 14  1.72
2001.286  4 15  1.52
2001.289  4 16  2.19
2001.292  4 17  2.76
2001.295  4 18  2.30
2001.297  4 19  2.31
2001.300  4 20  2.98
2001.303  4 21  2.49
2001.305  4 22  1.49
2001.308  4 23  0.82
2001.311  4 24  1.48
2001.314  4 25  1.94
2001.316  4 26  2.20
2001.319  4 27  2.14
2001.322  4 28  2.20
2001.325  4 29  2.47
2001.327  4 30  2.63
2001.330  5  1  1.86
2001.333  5  2  1.35
2001.336  5  3  1.31
2001.338  5  4  1.83
2001.341  5  5  2.22
2001.344  5  6  2.41
2001.347  5  7  2.23
2001.349  5  8  2.47
2001.352  5  9  3.39
2001.355  5 10  2.90
2001.358  5 11  1.70
2001.360  5 12  1.95
2001.363  5 13  2.47
2001.366  5 14  2.32
2001.368  5 15  2.51
2001.371  5 16  3.07
2001.374  5 17  4.12
2001.377  5 18  3.82
2001.379  5 19  2.76
2001.382  5 20  2.97
2001.385  5 21  2.95
2001.388  5 22  1.74
2001.390  5 23  1.59
2001.393  5 24  1.96
2001.396  5 25  3.03
2001.399  5 26  2.67
2001.401  5 27  1.88
2001.404  5 28  2.20
2001.407  5 29  2.74
2001.410  5 30  1.95
2001.412  5 31  1.58
2001.415  6  1  1.63
2001.418  6  2  1.81
2001.421  6  3  1.77
2001.423  6  4  1.90
2001.426  6  5  2.02
2001.429  6  6  1.80
2001.432  6  7  1.40
2001.434  6  8  1.39
2001.437  6  9  1.65
2001.440  6 10  1.97
2001.442  6 11  2.09
2001.445  6 12  2.24
2001.448  6 13  2.09
2001.451  6 14  2.12
2001.453  6 15  2.30
2001.519  7  9  2.05
2001.522  7 10  2.51
2001.525  7 11  2.51
2001.527  7 12  2.18
2001.530  7 13  2.03
2001.533  7 14  2.12
2001.536  7 15  2.24
2001.538  7 16  2.33
2001.541  7 17  2.83
2001.544  7 18  2.54
2001.547  7 19  2.40
2001.549  7 20  2.57
2001.552  7 21  2.51
2001.555  7 22  1.97
2001.558  7 23  2.10
2001.560  7 24  2.26
2001.563  7 25  2.41
2001.566  7 26  2.38
2001.568  7 27  2.35
2001.571  7 28  2.16
2001.574  7 29  1.80
2001.577  7 30  1.45
2001.579  7 31  2.09
2001.582  8  1  2.85
2001.585  8  2  2.45
2001.588  8  3  1.97
2001.590  8  4  1.94
2001.593  8  5  1.90
2001.596  8  6  1.93
2001.599  8  7  1.99
2001.601  8  8  2.34
2001.604  8  9  2.58
2001.607  8 10  2.36
2001.610  8 11  2.05
2001.612  8 12  2.01
2001.615  8 13  2.15
2001.618  8 14  2.17
2001.621  8 15  2.03
2001.623  8 16  1.82
2001.626  8 17  1.76
2001.629  8 18  2.06
2001.632  8 19  2.18
2001.634  8 20  2.37
2001.637  8 21  2.81
2001.640  8 22  2.82
2001.642  8 23  2.68
2001.645  8 24  2.63
2001.648  8 25  2.41
2001.651  8 26  2.37
2001.653  8 27  2.23
2001.656  8 28  2.60
2001.659  8 29  2.12
2001.662  8 30  1.75
2001.664  8 31  2.23
2001.667  9  1  2.79
2001.670  9  2  3.06
2001.673  9  3  3.02
2001.675  9  4  2.46
2001.678  9  5  1.69
2001.681  9  6  1.65
2001.684  9  7  1.91
2001.686  9  8  1.97
2001.689  9  9  1.93
2001.692  9 10  1.95
2001.695  9 11  1.89
2001.697  9 12  2.43
2001.700  9 13  1.99
2001.703  9 14  1.99
2001.705  9 15  2.50
2001.708  9 16  2.80
2001.711  9 17  2.77
2001.714  9 18  2.57
2001.716  9 19  2.40
2001.719  9 20  2.17
2001.722  9 21  1.83
2001.725  9 22  2.01
2001.727  9 23  2.33
2001.730  9 24  2.77
2001.733  9 25  2.51
2001.736  9 26  2.27
2001.738  9 27  3.04
2001.741  9 28  3.81
2001.744  9 29  3.71
2001.747  9 30  2.92
2001.749 10  1  2.48
2001.752 10  2  2.04
2001.755 10  3  1.95
2001.758 10  4  2.79
2001.760 10  5  3.33
2001.763 10  6  2.49
2001.766 10  7  2.19
2001.768 10  8  2.65
2001.771 10  9  2.46
2001.774 10 10  2.24
2001.777 10 11  1.87
2001.779 10 12  1.84
2001.782 10 13  2.53
2001.785 10 14  2.84
2001.788 10 15  2.54
2001.790 10 16  2.17
2001.793 10 17  2.04
2001.796 10 18  2.38
2001.799 10 19  2.24
2001.801 10 20  2.07
2001.804 10 21  2.26
2001.807 10 22  2.36
2001.810 10 23  2.50
2001.812 10 24  2.49
2001.815 10 25  2.71
2001.818 10 26  2.45
2001.821 10 27  2.51
2001.823 10 28  2.79
2001.826 10 29  2.21
2001.829 10 30  2.06
2001.832 10 31  2.36
2001.834 11  1  2.33
2001.837 11  2  1.65
2001.840 11  3  1.41
2001.842 11  4  1.43
2001.845 11  5  1.80
2001.848 11  6  1.92
2001.851 11  7  1.83
2001.853 11  8  2.36
2001.856 11  9  3.06
2001.859 11 10  1.93
2001.862 11 11  1.48
2001.864 11 12  1.87
2001.867 11 13  2.08
2001.870 11 14  1.97
2001.873 11 15  1.97
2001.875 11 16  2.35
2001.878 11 17  2.07
2001.881 11 18  1.86
2001.884 11 19  1.96
2001.886 11 20  1.96
2001.889 11 21  1.80
2001.892 11 22  1.93
2001.895 11 23  1.90
2001.897 11 24  1.65
2001.900 11 25  1.92
2001.903 11 26  2.00
2001.905 11 27  2.00
2001.908 11 28  1.57
2001.911 11 29  1.50
2001.914 11 30  1.65
2001.916 12  1  1.47
2001.919 12  2  1.59
2001.922 12  3  1.60
2001.925 12  4  1.74
2001.927 12  5  1.60
2001.930 12  6  1.94
2001.933 12  7  2.10
2001.936 12  8  2.00
2001.938 12  9  2.09
2001.941 12 10  1.95
2001.944 12 11  2.14
2001.947 12 12  2.06
2001.949 12 13  1.98
2001.952 12 14  2.27
2001.955 12 15  2.70
2001.958 12 16  3.17
2001.960 12 17  3.20
2001.963 12 18  3.14
2001.966 12 19  3.02
2001.968 12 20  2.32
2001.971 12 21  2.32
2001.974 12 22  2.67
2001.977 12 23  2.12
2001.979 12 24  1.91
2001.982 12 25  2.21
2001.985 12 26  2.78
2001.988 12 27  2.71
2001.990 12 28  1.96
2001.993 12 29  1.62
2001.996 12 30  1.39
2001.999 12 31  1.50
2002.001  1  1  1.33
2002.004  1  2  1.48
2002.007  1  3  1.83
2002.010  1  4  2.29
2002.012  1  5  2.30
2002.015  1  6  2.20
2002.018  1  7  1.63
2002.021  1  8  1.29
2002.023  1  9  1.39
2002.026  1 10  1.61
2002.029  1 11  2.05
2002.032  1 12  2.45
2002.034  1 13  2.55
2002.037  1 14  2.74
2002.040  1 15  2.01
2002.042  1 16  1.93
2002.045  1 17  2.31
2002.048  1 18  2.37
2002.051  1 19  2.70
2002.053  1 20  2.49
2002.056  1 21  2.65
2002.059  1 22  2.01
2002.062  1 23  1.97
2002.064  1 24  2.18
2002.067  1 25  2.56
2002.070  1 26  3.01
2002.073  1 27  3.12
2002.075  1 28  2.88
2002.078  1 29  2.90
2002.081  1 30  3.22
2002.084  1 31  3.15
2002.086  2  1  3.97
2002.089  2  2  2.69
2002.092  2  3  1.61
2002.095  2  4  1.65
2002.097  2  5  2.30
2002.100  2  6  1.98
2002.103  2  7  2.35
2002.105  2  8  2.18
2002.108  2  9  1.95
2002.111  2 10  2.10
2002.114  2 11  1.83
2002.116  2 12  1.69
2002.119  2 13  2.02
2002.122  2 14  2.32
2002.125  2 15  1.98
2002.127  2 16  1.74
2002.130  2 17  1.52
2002.133  2 18  1.54
2002.136  2 19  1.61
2002.138  2 20  1.68
2002.141  2 21  1.72
2002.144  2 22  1.58
2002.147  2 23  1.45
2002.149  2 24  1.52
2002.152  2 25  1.77
2002.155  2 26  2.13
2002.158  2 27  2.00
2002.160  2 28  1.61
2002.163  3  1  1.72
2002.166  3  2  1.66
2002.168  3  3  1.12
2002.171  3  4  1.07
2002.174  3  5  0.98
2002.177  3  6  1.03
2002.179  3  7  1.11
2002.182  3  8  1.73
2002.185  3  9  2.16
2002.188  3 10  2.37
2002.190  3 11  2.24
2002.193  3 12  2.20
2002.196  3 13  1.84
2002.199  3 14  1.90
2002.201  3 15  2.96
2002.204  3 16  4.11
2002.207  3 17  3.31
2002.210  3 18  2.62
2002.212  3 19  2.56
2002.215  3 20  2.68
2002.218  3 21  3.03
2002.221  3 22  2.71
2002.223  3 23  2.94
2002.226  3 24  3.09
2002.229  3 25  2.14
2002.232  3 26  2.01
2002.234  3 27  2.00
2002.237  3 28  2.57
2002.240  3 29  3.21
2002.242  3 30  2.49
2002.245  3 31  1.68
2002.248  4  1  1.57
2002.251  4  2  1.66
2002.253  4  3  1.79
2002.256  4  4  1.76
2002.259  4  5  1.38
2002.262  4  6  1.24
2002.264  4  7  1.58
2002.267  4  8  2.09
2002.270  4  9  1.90
2002.273  4 10  1.80
2002.275  4 11  1.76
2002.278  4 12  1.81
2002.281  4 13  1.50
2002.284  4 14  1.29
2002.286  4 15  1.33
2002.289  4 16  1.70
2002.292  4 17  1.82
2002.295  4 18  1.92
2002.297  4 19  2.08
2002.300  4 20  1.64
2002.303  4 21  1.88
2002.305  4 22  1.66
2002.308  4 23  1.56
2002.311  4 24  2.56
2002.314  4 25  3.02
2002.316  4 26  2.60
2002.319  4 27  2.24
2002.322  4 28  2.44
2002.325  4 29  1.80
2002.327  4 30  1.29
2002.330  5  1  1.11
2002.333  5  2  1.36
2002.336  5  3  1.65
2002.338  5  4  2.19
2002.341  5  5  2.06
2002.344  5  6  2.00
2002.347  5  7  1.74
2002.349  5  8  2.04
2002.352  5  9  2.28
2002.355  5 10  2.37
2002.358  5 11  2.21
2002.360  5 12  1.93
2002.363  5 13  2.08
2002.366  5 14  2.05
2002.368  5 15  1.73
2002.371  5 16  1.61
2002.374  5 17  1.86
2002.377  5 18  2.66
2002.379  5 19  2.41
2002.382  5 20  2.81
2002.385  5 21  2.95
2002.388  5 22  2.35
2002.390  5 23  2.44
2002.393  5 24  2.40
2002.396  5 25  2.09
2002.399  5 26  1.72
2002.401  5 27  1.88
2002.404  5 28  2.49
2002.407  5 29  2.23
2002.410  5 30  1.52
2002.412  5 31  1.30
2002.415  6  1  1.69
2002.418  6  2  2.41
2002.421  6  3  2.55
2002.423  6  4  2.52
2002.426  6  5  2.62
2002.429  6  6  2.66
2002.432  6  7  2.71
2002.434  6  8  2.61
2002.437  6  9  2.07
2002.440  6 10  2.31
2002.442  6 11  2.87
2002.445  6 12  2.75
2002.448  6 13  2.69
2002.451  6 14  2.91
2002.453  6 15  3.07
2002.516  7  8  1.64
2002.519  7  9  1.62
2002.522  7 10  2.03
2002.525  7 11  2.32
2002.527  7 12  2.49
2002.530  7 13  2.64
2002.533  7 14  2.94
2002.536  7 15  2.66
2002.538  7 16  2.36
2002.541  7 17  2.31
2002.544  7 18  2.40
2002.547  7 19  2.10
2002.549  7 20  1.97
2002.552  7 21  2.25
2002.555  7 22  2.18
2002.558  7 23  1.83
2002.560  7 24  1.58
2002.563  7 25  1.81
2002.566  7 26  2.11
2002.568  7 27  1.97
2002.571  7 28  2.00
2002.574  7 29  2.47
2002.577  7 30  2.87
2002.579  7 31  2.05
2002.582  8  1  2.02
2002.585  8  2  2.38
2002.588  8  3  2.08
2002.590  8  4  1.96
2002.593  8  5  2.04
2002.596  8  6  1.80
2002.599  8  7  1.70
2002.601  8  8  1.89
2002.604  8  9  1.85
2002.607  8 10  2.04
2002.610  8 11  2.47
2002.612  8 12  2.14
2002.615  8 13  2.20
2002.618  8 14  2.55
2002.621  8 15  2.46
2002.623  8 16  1.99
2002.626  8 17  2.09
2002.629  8 18  2.81
2002.632  8 19  2.36
2002.634  8 20  2.20
2002.637  8 21  2.59
2002.640  8 22  2.46
2002.642  8 23  2.31
2002.645  8 24  2.44
2002.648  8 25  2.12
2002.651  8 26  2.18
2002.653  8 27  2.73
2002.656  8 28  2.51
2002.659  8 29  1.94
2002.662  8 30  1.88
2002.664  8 31  1.87
2002.667  9  1  1.67
2002.670  9  2  1.45
2002.673  9  3  1.74
2002.675  9  4  2.58
2002.678  9  5  3.02
2002.681  9  6  2.97
2002.684  9  7  2.80
2002.686  9  8  3.02
2002.689  9  9  2.58
2002.692  9 10  2.57
2002.695  9 11  2.52
2002.697  9 12  3.13
2002.700  9 13  3.37
2002.703  9 14  3.01
2002.705  9 15  2.47
2002.708  9 16  2.53
2002.711  9 17  2.40
2002.714  9 18  1.92
2002.716  9 19  1.91
2002.719  9 20  2.34
2002.722  9 21  3.09
2002.725  9 22  3.09
2002.727  9 23  2.80
2002.730  9 24  2.95
2002.733  9 25  2.21
2002.736  9 26  1.91
2002.738  9 27  1.93
2002.741  9 28  1.91
2002.744  9 29  2.15
2002.747  9 30  2.64
2002.749 10  1  3.05
2002.752 10  2  2.99
2002.755 10  3  2.90
2002.758 10  4  3.41
2002.760 10  5  2.69
2002.763 10  6  2.68
2002.766 10  7  2.71
2002.768 10  8  2.29
2002.771 10  9  2.21
2002.774 10 10  2.89
2002.777 10 11  3.20
2002.779 10 12  3.21
2002.782 10 13  3.19
2002.785 10 14  3.20
2002.788 10 15  3.01
2002.790 10 16  3.67
2002.793 10 17  4.86
2002.796 10 18  4.31
2002.799 10 19  3.22
2002.801 10 20  2.74
2002.804 10 21  2.36
2002.807 10 22  2.16
2002.810 10 23  2.27
2002.812 10 24  2.51
2002.815 10 25  1.90
2002.818 10 26  1.51
2002.821 10 27  1.32
2002.823 10 28  1.38
2002.826 10 29  2.12
2002.829 10 30  2.86
2002.832 10 31  2.95
2002.834 11  1  2.90
2002.837 11  2  2.78
2002.840 11  3  2.92
2002.842 11  4  2.95
2002.845 11  5  2.47
2002.848 11  6  2.33
2002.851 11  7  2.38
2002.853 11  8  2.39
2002.856 11  9  2.32
2002.859 11 10  2.64
2002.862 11 11  3.22
2002.864 11 12  3.42
2002.867 11 13  2.92
2002.870 11 14  2.84
2002.873 11 15  3.06
2002.875 11 16  2.77
2002.878 11 17  2.39
2002.881 11 18  2.46
2002.884 11 19  2.38
2002.886 11 20  2.21
2002.889 11 21  2.51
2002.892 11 22  2.74
2002.895 11 23  2.89
2002.897 11 24  3.14
2002.900 11 25  3.16
2002.903 11 26  2.71
2002.905 11 27  2.68
2002.908 11 28  2.91
2002.911 11 29  3.12
2002.914 11 30  3.15
2002.916 12  1  2.73
2002.919 12  2  2.56
2002.922 12  3  2.38
2002.925 12  4  2.42
2002.927 12  5  2.38
2002.930 12  6  2.53
2002.933 12  7  2.45
2002.936 12  8  2.11
2002.938 12  9  2.23
2002.941 12 10  2.73
2002.944 12 11  2.60
2002.947 12 12  2.68
2002.949 12 13  2.99
2002.952 12 14  3.80
2002.955 12 15  3.55
2002.958 12 16  3.55
2002.960 12 17  4.02
2002.963 12 18  3.32
2002.966 12 19  2.89
2002.968 12 20  3.53
2002.971 12 21  3.20
2002.974 12 22  2.36
2002.977 12 23  2.26
2002.979 12 24  2.56
2002.982 12 25  2.50
2002.985 12 26  2.27
2002.988 12 27  2.08
2002.990 12 28  2.15
2002.993 12 29  2.34
2002.996 12 30  2.39
2002.999 12 31  2.57
2003.001  1  1  2.52
2003.004  1  2  2.27
2003.007  1  3  2.24
2003.010  1  4  2.35
2003.012  1  5  2.57
2003.015  1  6  2.64
2003.018  1  7  2.24
2003.021  1  8  2.25
2003.023  1  9  3.51
2003.026  1 10  4.61
2003.029  1 11  3.93
2003.032  1 12  2.67
2003.034  1 13  2.66
2003.037  1 14  2.32
2003.040  1 15  2.33
2003.042  1 16  2.03
2003.045  1 17  2.43
2003.048  1 18  3.13
2003.051  1 19  4.45
2003.053  1 20  3.38
2003.056  1 21  3.37
2003.059  1 22  4.25
2003.062  1 23  3.06
2003.064  1 24  2.30
2003.067  1 25  3.16
2003.070  1 26  2.97
2003.073  1 27  2.28
2003.075  1 28  1.82
2003.078  1 29  2.37
2003.081  1 30  4.05
2003.084  1 31  2.97
2003.086  2  1  1.65
2003.089  2  2  1.44
2003.092  2  3  1.35
2003.095  2  4  1.42
2003.097  2  5  1.52
2003.100  2  6  1.24
2003.103  2  7  1.21
2003.105  2  8  1.39
2003.108  2  9  1.51
2003.111  2 10  1.70
2003.114  2 11  1.54
2003.116  2 12  2.07
2003.119  2 13  2.10
2003.122  2 14  2.43
2003.125  2 15  2.44
2003.127  2 16  1.70
2003.130  2 17  1.70
2003.133  2 18  2.50
2003.136  2 19  2.81
2003.138  2 20  3.00
2003.141  2 21  2.97
2003.144  2 22  2.80
2003.147  2 23  2.70
2003.149  2 24  2.71
2003.152  2 25  2.84
2003.155  2 26  2.47
2003.158  2 27  2.43
2003.160  2 28  2.76
2003.163  3  1  3.21
2003.166  3  2  2.81
2003.168  3  3  2.09
2003.171  3  4  1.80
2003.174  3  5  2.29
2003.177  3  6  2.59
2003.179  3  7  2.23
2003.182  3  8  1.89
2003.185  3  9  1.87
2003.188  3 10  1.64
2003.190  3 11  1.47
2003.193  3 12  1.91
2003.196  3 13  2.20
2003.199  3 14  2.03
2003.201  3 15  2.40
2003.204  3 16  2.46
2003.207  3 17  2.79
2003.210  3 18  2.94
2003.212  3 19  2.98
2003.215  3 20  3.02
2003.218  3 21  2.07
2003.221  3 22  1.78
2003.223  3 23  1.64
2003.226  3 24  1.67
2003.229  3 25  1.62
2003.232  3 26  1.62
2003.234  3 27  1.51
2003.237  3 28  1.41
2003.240  3 29  1.51
2003.242  3 30  1.64
2003.245  3 31  1.39
2003.248  4  1  1.10
2003.251  4  2  1.24
2003.253  4  3  1.66
2003.256  4  4  1.95
2003.259  4  5  2.41
2003.262  4  6  2.00
2003.264  4  7  1.97
2003.267  4  8  1.97
2003.270  4  9  2.54
2003.273  4 10  2.61
2003.275  4 11  2.16
2003.278  4 12  1.98
2003.281  4 13  2.75
2003.284  4 14  2.58
2003.286  4 15  2.02
2003.289  4 16  2.70
2003.292  4 17  3.36
2003.295  4 18  2.63
2003.297  4 19  2.62
2003.300  4 20  3.16
2003.303  4 21  2.83
2003.305  4 22  2.88
2003.308  4 23  3.78
2003.311  4 24  4.31
2003.314  4 25  3.70
2003.316  4 26  2.72
2003.319  4 27  2.91
2003.322  4 28  3.53
2003.325  4 29  2.45
2003.327  4 30  2.37
2003.330  5  1  3.77
2003.333  5  2  3.35
2003.336  5  3  3.04
2003.338  5  4  2.57
2003.341  5  5  2.80
2003.344  5  6  2.72
2003.347  5  7  2.76
2003.349  5  8  2.87
2003.352  5  9  2.62
2003.355  5 10  2.88
2003.358  5 11  2.59
2003.360  5 12  2.30
2003.363  5 13  2.44
2003.366  5 14  2.76
2003.368  5 15  2.59
2003.371  5 16  2.13
2003.374  5 17  2.40
2003.377  5 18  3.36
2003.379  5 19  3.51
2003.382  5 20  3.31
2003.385  5 21  3.28
2003.388  5 22  2.95
2003.390  5 23  2.69
2003.393  5 24  2.26
2003.396  5 25  2.62
2003.399  5 26  3.39
2003.401  5 27  3.11
2003.404  5 28  2.79
2003.407  5 29  3.21
2003.410  5 30  2.96
2003.412  5 31  2.82
2003.415  6  1  3.44
2003.418  6  2  3.56
2003.421  6  3  3.12
2003.423  6  4  2.88
2003.426  6  5  2.93
2003.429  6  6  3.46
2003.432  6  7  3.44
2003.434  6  8  3.26
2003.437  6  9  3.17
2003.440  6 10  3.65
2003.442  6 11  3.03
2003.445  6 12  2.85
2003.448  6 13  3.31
2003.451  6 14  3.34
2003.453  6 15  2.80
2003.511  7  6  3.08
2003.514  7  7  3.13
2003.516  7  8  2.40
2003.519  7  9  1.87
2003.522  7 10  1.81
2003.525  7 11  1.95
2003.527  7 12  2.32
2003.530  7 13  2.43
2003.533  7 14  2.37
2003.536  7 15  2.57
2003.538  7 16  2.76
2003.541  7 17  2.73
2003.544  7 18  2.36
2003.547  7 19  2.59
2003.549  7 20  2.85
2003.552  7 21  2.37
2003.555  7 22  2.27
2003.558  7 23  2.89
2003.560  7 24  2.88
2003.563  7 25  2.43
2003.566  7 26  2.52
2003.568  7 27  2.70
2003.571  7 28  2.70
2003.574  7 29  2.72
2003.577  7 30  2.26
2003.579  7 31  2.13
2003.582  8  1  2.71
2003.585  8  2  2.93
2003.588  8  3  2.36
2003.590  8  4  3.01
2003.593  8  5  3.06
2003.596  8  6  2.30
2003.599  8  7  2.21
2003.601  8  8  2.42
2003.604  8  9  2.86
2003.607  8 10  2.57
2003.610  8 11  2.68
2003.612  8 12  2.78
2003.615  8 13  2.56
2003.618  8 14  2.56
2003.621  8 15  2.85
2003.623  8 16  2.95
2003.626  8 17  2.25
2003.629  8 18  1.85
2003.632  8 19  1.73
2003.634  8 20  1.64
2003.637  8 21  1.65
2003.640  8 22  1.67
2003.642  8 23  2.22
2003.645  8 24  2.62
2003.648  8 25  2.72
2003.651  8 26  2.54
2003.653  8 27  2.96
2003.656  8 28  3.15
2003.659  8 29  3.26
2003.662  8 30  2.86
2003.664  8 31  2.12
2003.667  9  1  1.89
2003.670  9  2  1.87
2003.673  9  3  1.70
2003.675  9  4  1.66
2003.678  9  5  1.95
2003.681  9  6  2.40
2003.684  9  7  2.48
2003.686  9  8  2.36
2003.689  9  9  2.43
2003.692  9 10  3.05
2003.695  9 11  3.09
2003.697  9 12  2.30
2003.700  9 13  2.63
2003.703  9 14  2.62
2003.705  9 15  2.22
2003.708  9 16  2.44
2003.711  9 17  3.15
2003.714  9 18  2.64
2003.716  9 19  2.05
2003.719  9 20  1.78
2003.722  9 21  1.52
2003.725  9 22  1.09
2003.727  9 23  1.18
2003.730  9 24  1.71
2003.733  9 25  2.07
2003.736  9 26  2.21
2003.738  9 27  2.12
2003.741  9 28  2.12
2003.744  9 29  2.40
2003.747  9 30  2.34
2003.749 10  1  2.03
2003.752 10  2  2.02
2003.755 10  3  1.86
2003.758 10  4  1.67
2003.760 10  5  1.62
2003.763 10  6  1.68
2003.766 10  7  1.65
2003.768 10  8  1.60
2003.771 10  9  1.38
2003.774 10 10  1.46
2003.777 10 11  1.59
2003.779 10 12  1.61
2003.782 10 13  1.79
2003.785 10 14  2.47
2003.788 10 15  2.85
2003.790 10 16  3.14
2003.793 10 17  2.88
2003.796 10 18  2.67
2003.799 10 19  2.59
2003.801 10 20  2.91
2003.804 10 21  3.04
2003.807 10 22  2.81
2003.810 10 23  2.53
2003.812 10 24  2.97
2003.815 10 25  2.46
2003.818 10 26  2.04
2003.821 10 27  1.79
2003.823 10 28  1.62
2003.826 10 29  1.57
2003.829 10 30  1.89
2003.832 10 31  1.97
2003.834 11  1  1.79
2003.837 11  2  1.78
2003.840 11  3  1.76
2003.842 11  4  1.59
2003.845 11  5  1.28
2003.848 11  6  1.17
2003.851 11  7  1.38
2003.853 11  8  2.28
2003.856 11  9  2.68
2003.859 11 10  2.21
2003.862 11 11  2.15
2003.864 11 12  2.25
2003.867 11 13  1.97
2003.870 11 14  1.85
2003.873 11 15  2.26
2003.875 11 16  2.81
2003.878 11 17  2.75
2003.881 11 18  2.48
2003.884 11 19  2.34
2003.886 11 20  2.65
2003.889 11 21  2.29
2003.892 11 22  1.74
2003.895 11 23  1.61
2003.897 11 24  1.98
2003.900 11 25  1.65
2003.903 11 26  1.46
2003.905 11 27  1.53
2003.908 11 28  1.46
2003.911 11 29  1.51
2003.914 11 30  1.45
2003.916 12  1  1.54
2003.919 12  2  1.64
2003.922 12  3  1.38
2003.925 12  4  1.44
2003.927 12  5  1.75
2003.930 12  6  1.60
2003.933 12  7  1.55
2003.936 12  8  1.49
2003.938 12  9  1.66
2003.941 12 10  1.70
2003.944 12 11  1.76
2003.947 12 12  2.05
2003.949 12 13  2.08
2003.952 12 14  2.16
2003.955 12 15  2.56
2003.958 12 16  2.29
2003.960 12 17  2.41
2003.963 12 18  2.42
2003.966 12 19  2.63
2003.968 12 20  2.69
2003.971 12 21  2.62
2003.974 12 22  2.39
2003.977 12 23  1.74
2003.979 12 24  1.34
2003.982 12 25  1.40
2003.985 12 26  1.84
2003.988 12 27  2.03
2003.990 12 28  2.07
2003.993 12 29  2.61
2003.996 12 30  2.48
2003.999 12 31  2.07
2004.001  1  1  1.57
2004.004  1  2  2.00
2004.007  1  3  2.07
2004.010  1  4  1.79
2004.012  1  5  1.56
2004.015  1  6  1.84
2004.018  1  7  2.47
2004.020  1  8  2.57
2004.023  1  9  1.76
2004.026  1 10  1.49
2004.029  1 11  1.48
2004.031  1 12  1.47
2004.034  1 13  1.47
2004.037  1 14  1.29
2004.040  1 15  1.38
2004.042  1 16  1.57
2004.045  1 17  1.86
2004.048  1 18  2.00
2004.051  1 19  2.09
2004.053  1 20  1.97
2004.056  1 21  1.74
2004.059  1 22  1.40
2004.061  1 23  1.17
2004.064  1 24  1.09
2004.067  1 25  1.42
2004.070  1 26  1.80
2004.072  1 27  1.59
2004.075  1 28  1.25
2004.078  1 29  1.53
2004.081  1 30  1.65
2004.083  1 31  1.63
2004.086  2  1  1.75
2004.089  2  2  1.58
2004.092  2  3  1.57
2004.094  2  4  1.28
2004.097  2  5  1.58
2004.100  2  6  2.22
2004.102  2  7  2.09
2004.105  2  8  1.68
2004.108  2  9  1.72
2004.111  2 10  2.21
2004.113  2 11  2.02
2004.116  2 12  2.03
2004.119  2 13  2.34
2004.122  2 14  2.86
2004.124  2 15  2.39
2004.127  2 16  2.06
2004.130  2 17  1.99
2004.133  2 18  2.22
2004.135  2 19  2.54
2004.138  2 20  2.57
2004.141  2 21  2.60
2004.143  2 22  2.83
2004.146  2 23  2.71
2004.149  2 24  2.19
2004.152  2 25  1.93
2004.154  2 26  1.83
2004.157  2 27  1.22
2004.160  2 28  1.25
2004.163  2 29  1.26
2004.165  3  1  1.12
2004.168  3  2  1.76
2004.171  3  3  2.05
2004.173  3  4  2.00
2004.176  3  5  2.29
2004.179  3  6  2.19
2004.182  3  7  2.39
2004.184  3  8  2.40
2004.187  3  9  2.66
2004.190  3 10  2.31
2004.193  3 11  2.15
2004.195  3 12  2.61
2004.198  3 13  3.27
2004.201  3 14  2.32
2004.204  3 15  1.78
2004.206  3 16  1.79
2004.209  3 17  2.08
2004.212  3 18  2.36
2004.214  3 19  2.11
2004.217  3 20  2.52
2004.220  3 21  2.23
2004.223  3 22  2.58
2004.225  3 23  2.68
2004.228  3 24  2.73
2004.231  3 25  1.89
2004.234  3 26  0.92
2004.236  3 27  0.79
2004.239  3 28  1.17
2004.242  3 29  1.38
2004.245  3 30  1.31
2004.247  3 31  1.11
2004.250  4  1  1.35
2004.253  4  2  1.49
2004.255  4  3  2.14
2004.258  4  4  2.16
2004.261  4  5  1.67
2004.264  4  6  1.31
2004.266  4  7  1.45
2004.269  4  8  1.52
2004.272  4  9  1.71
2004.275  4 10  1.49
2004.277  4 11  1.31
2004.280  4 12  1.53
2004.283  4 13  1.47
2004.286  4 14  1.47
2004.288  4 15  1.92
2004.291  4 16  1.63
2004.294  4 17  1.40
2004.296  4 18  1.78
2004.299  4 19  1.56
2004.302  4 20  1.75
2004.305  4 21  1.43
2004.307  4 22  1.79
2004.310  4 23  2.01
2004.313  4 24  1.83
2004.316  4 25  1.55
2004.318  4 26  1.56
2004.321  4 27  1.84
2004.324  4 28  2.22
2004.327  4 29  1.98
2004.329  4 30  2.14
2004.332  5  1  2.38
2004.335  5  2  2.06
2004.337  5  3  1.25
2004.340  5  4  1.23
2004.343  5  5  1.46
2004.346  5  6  1.59
2004.348  5  7  1.60
2004.351  5  8  1.65
2004.354  5  9  1.98
2004.357  5 10  2.01
2004.359  5 11  1.85
2004.362  5 12  1.80
2004.365  5 13  1.66
2004.367  5 14  1.84
2004.370  5 15  1.99
2004.373  5 16  2.01
2004.376  5 17  1.90
2004.378  5 18  1.76
2004.381  5 19  1.61
2004.384  5 20  1.55
2004.387  5 21  1.86
2004.389  5 22  2.54
2004.392  5 23  2.52
2004.395  5 24  2.32
2004.398  5 25  2.36
2004.400  5 26  2.08
2004.403  5 27  2.19
2004.406  5 28  2.41
2004.408  5 29  2.37
2004.411  5 30  2.92
2004.414  5 31  3.71
2004.417  6  1  3.54
2004.419  6  2  2.91
2004.422  6  3  2.72
2004.425  6  4  2.58
2004.428  6  5  2.85
2004.430  6  6  3.20
2004.433  6  7  3.59
2004.436  6  8  3.13
2004.439  6  9  2.64
2004.441  6 10  2.42
2004.444  6 11  2.46
2004.507  7  4  2.35
2004.510  7  5  2.20
2004.512  7  6  2.53
2004.515  7  7  3.11
2004.518  7  8  3.03
2004.520  7  9  2.81
2004.523  7 10  3.14
2004.526  7 11  2.95
2004.529  7 12  2.18
2004.531  7 13  1.76
2004.534  7 14  1.79
2004.537  7 15  2.63
2004.540  7 16  3.16
2004.542  7 17  2.46
2004.545  7 18  2.14
2004.548  7 19  2.50
2004.551  7 20  2.87
2004.553  7 21  2.49
2004.556  7 22  2.20
2004.559  7 23  3.01
2004.561  7 24  3.70
2004.564  7 25  2.62
2004.567  7 26  2.11
2004.570  7 27  2.48
2004.572  7 28  2.37
2004.575  7 29  2.15
2004.578  7 30  2.03
2004.581  7 31  2.35
2004.583  8  1  3.18
2004.586  8  2  3.61
2004.589  8  3  3.12
2004.592  8  4  3.32
2004.594  8  5  3.06
2004.597  8  6  3.01
2004.600  8  7  2.51
2004.602  8  8  2.72
2004.605  8  9  2.94
2004.608  8 10  2.76
2004.611  8 11  2.49
2004.613  8 12  3.06
2004.616  8 13  3.27
2004.619  8 14  3.62
2004.622  8 15  3.40
2004.624  8 16  2.89
2004.627  8 17  2.62
2004.630  8 18  2.66
2004.633  8 19  2.61
2004.635  8 20  2.69
2004.638  8 21  3.59
2004.641  8 22  3.73
2004.643  8 23  3.10
2004.646  8 24  2.49
2004.649  8 25  2.44
2004.652  8 26  2.26
2004.654  8 27  1.74
2004.657  8 28  2.06
2004.660  8 29  2.42
2004.663  8 30  2.49
2004.665  8 31  2.34
2004.668  9  1  2.39
2004.671  9  2  2.56
2004.673  9  3  2.34
2004.676  9  4  2.17
2004.679  9  5  2.12
2004.682  9  6  2.11
2004.684  9  7  2.28
2004.687  9  8  2.11
2004.690  9  9  2.14
2004.693  9 10  2.27
2004.695  9 11  2.63
2004.698  9 12  2.61
2004.701  9 13  2.79
2004.704  9 14  2.64
2004.706  9 15  2.63
2004.709  9 16  2.43
2004.712  9 17  2.49
2004.714  9 18  2.58
2004.717  9 19  2.37
2004.720  9 20  1.86
2004.723  9 21  2.17
2004.725  9 22  2.32
2004.728  9 23  2.14
2004.731  9 24  1.78
2004.734  9 25  1.81
2004.736  9 26  2.04
2004.739  9 27  1.82
2004.742  9 28  1.87
2004.745  9 29  1.99
2004.747  9 30  2.57
2004.750 10  1  2.62
2004.753 10  2  2.38
2004.755 10  3  1.94
2004.758 10  4  1.82
2004.761 10  5  1.71
2004.764 10  6  1.75
2004.766 10  7  1.81
2004.769 10  8  1.93
2004.772 10  9  2.62
2004.775 10 10  3.37
2004.777 10 11  3.24
2004.780 10 12  2.73
2004.783 10 13  2.62
2004.786 10 14  2.67
2004.788 10 15  2.87
2004.791 10 16  2.60
2004.794 10 17  2.57
2004.796 10 18  2.59
2004.799 10 19  2.57
2004.802 10 20  2.48
2004.805 10 21  2.63
2004.807 10 22  3.32
2004.810 10 23  3.46
2004.813 10 24  3.66
2004.816 10 25  3.39
2004.818 10 26  2.77
2004.821 10 27  2.85
2004.824 10 28  2.94
2004.827 10 29  2.44
2004.829 10 30  2.31
2004.832 10 31  2.56
2004.835 11  1  2.83
2004.837 11  2  2.20
2004.840 11  3  1.58
2004.843 11  4  1.49
2004.846 11  5  1.70
2004.848 11  6  1.99
2004.851 11  7  2.00
2004.854 11  8  1.82
2004.857 11  9  1.62
2004.859 11 10  1.49
2004.862 11 11  1.55
2004.865 11 12  1.48
2004.867 11 13  1.50
2004.870 11 14  1.45
2004.873 11 15  1.37
2004.876 11 16  1.65
2004.878 11 17  1.77
2004.881 11 18  1.77
2004.884 11 19  2.12
2004.887 11 20  2.51
2004.889 11 21  2.97
2004.892 11 22  3.44
2004.895 11 23  3.77
2004.898 11 24  3.54
2004.900 11 25  3.26
2004.903 11 26  3.47
2004.906 11 27  3.38
2004.908 11 28  2.91
2004.911 11 29  2.79
2004.914 11 30  3.57
2004.917 12  1  3.32
2004.919 12  2  2.58
2004.922 12  3  2.01
2004.925 12  4  2.19
2004.928 12  5  2.49
2004.930 12  6  2.57
2004.933 12  7  2.23
2004.936 12  8  2.80
2004.939 12  9  2.16
2004.941 12 10  1.63
2004.944 12 11  1.16
2004.947 12 12  1.35
2004.949 12 13  1.43
2004.952 12 14  1.45
2004.955 12 15  1.31
2004.958 12 16  1.48
2004.960 12 17  1.36
2004.963 12 18  1.68
2004.966 12 19  2.04
2004.969 12 20  1.85
2004.971 12 21  1.62
2004.974 12 22  1.09
2004.977 12 23  1.22
2004.980 12 24  0.99
2004.982 12 25  0.73
2004.985 12 26  0.68
2004.988 12 27  0.81
2004.990 12 28  0.94
2004.993 12 29  1.39
2004.996 12 30  1.48
2004.999 12 31  1.66
2005.001  1  1  1.42
2005.004  1  2  1.28
2005.007  1  3  1.27
2005.010  1  4  0.96
2005.012  1  5  0.61
2005.015  1  6  0.54
2005.018  1  7  0.68
2005.021  1  8  1.04
2005.023  1  9  0.84
2005.026  1 10  1.07
2005.029  1 11  1.38
2005.032  1 12  1.45
2005.034  1 13  1.38
2005.037  1 14  2.26
2005.040  1 15  2.51
2005.042  1 16  1.87
2005.045  1 17  1.39
2005.048  1 18  1.09
2005.051  1 19  0.69
2005.053  1 20  0.73
2005.056  1 21  1.21
2005.059  1 22  1.55
2005.062  1 23  1.54
2005.064  1 24  1.70
2005.067  1 25  1.79
2005.070  1 26  2.53
2005.073  1 27  2.88
2005.075  1 28  3.03
2005.078  1 29  2.36
2005.081  1 30  1.92
2005.084  1 31  2.17
2005.086  2  1  2.74
2005.089  2  2  2.43
2005.092  2  3  2.02
2005.095  2  4  1.76
2005.097  2  5  1.80
2005.100  2  6  1.58
2005.103  2  7  1.81
2005.105  2  8  1.91
2005.108  2  9  1.76
2005.111  2 10  1.76
2005.114  2 11  2.24
2005.116  2 12  2.33
2005.119  2 13  1.97
2005.122  2 14  1.67
2005.125  2 15  1.17
2005.127  2 16  0.81
2005.130  2 17  0.87
2005.133  2 18  0.92
2005.136  2 19  0.75
2005.138  2 20  0.82
2005.141  2 21  1.44
2005.144  2 22  2.23
2005.147  2 23  1.56
2005.149  2 24  1.83
2005.152  2 25  1.76
2005.155  2 26  2.04
2005.158  2 27  2.48
2005.160  2 28  2.30
2005.163  3  1  2.27
2005.166  3  2  2.40
2005.168  3  3  1.52
2005.171  3  4  0.95
2005.174  3  5  0.85
2005.177  3  6  1.11
2005.179  3  7  1.77
2005.182  3  8  2.34
2005.185  3  9  2.54
2005.188  3 10  1.83
2005.190  3 11  1.37
2005.193  3 12  1.37
2005.196  3 13  1.55
2005.199  3 14  1.38
2005.201  3 15  1.12
2005.204  3 16  1.07
2005.207  3 17  1.09
2005.210  3 18  1.59
2005.212  3 19  1.50
2005.215  3 20  1.63
2005.218  3 21  1.94
2005.221  3 22  2.00
2005.223  3 23  2.02
2005.226  3 24  1.65
2005.229  3 25  2.08
2005.232  3 26  2.50
2005.234  3 27  2.95
2005.237  3 28  2.20
2005.240  3 29  1.36
2005.242  3 30  1.28
2005.245  3 31  1.69
2005.248  4  1  2.18
2005.251  4  2  1.86
2005.253  4  3  1.55
2005.256  4  4  1.79
2005.259  4  5  2.21
2005.262  4  6  2.24
2005.264  4  7  1.94
2005.267  4  8  1.57
2005.270  4  9  1.08
2005.273  4 10  1.07
2005.275  4 11  1.26
2005.278  4 12  1.19
2005.281  4 13  1.16
2005.284  4 14  1.16
2005.286  4 15  1.23
2005.289  4 16  1.29
2005.292  4 17  1.64
2005.295  4 18  2.07
2005.297  4 19  1.85
2005.300  4 20  1.71
2005.303  4 21  1.92
2005.305  4 22  2.06
2005.308  4 23  1.92
2005.311  4 24  1.97
2005.314  4 25  2.37
2005.316  4 26  2.90
2005.319  4 27  2.83
2005.322  4 28  2.30
2005.325  4 29  2.25
2005.327  4 30  2.04
2005.330  5  1  1.37
2005.333  5  2  1.33
2005.336  5  3  1.61
2005.338  5  4  1.73
2005.341  5  5  1.53
2005.344  5  6  1.68
2005.347  5  7  1.83
2005.349  5  8  1.85
2005.352  5  9  1.59
2005.355  5 10  1.46
2005.358  5 11  1.55
2005.360  5 12  1.80
2005.363  5 13  1.67
2005.366  5 14  1.55
2005.368  5 15  1.71
2005.371  5 16  1.70
2005.374  5 17  1.61
2005.377  5 18  2.12
2005.379  5 19  3.04
2005.382  5 20  2.78
2005.385  5 21  2.13
2005.388  5 22  2.25
2005.445  6 12  2.10
2005.448  6 13  2.61
2005.451  6 14  2.76
2005.453  6 15  2.53
2005.456  6 16  2.48
2005.459  6 17  2.78
2005.462  6 18  2.71
2005.464  6 19  2.25
2005.467  6 20  2.30
2005.470  6 21  2.37
2005.473  6 22  2.57
2005.475  6 23  2.43
2005.478  6 24  2.60
2005.481  6 25  3.04
2005.484  6 26  2.79
2005.486  6 27  2.47
2005.489  6 28  2.38
2005.492  6 29  2.61
2005.495  6 30  2.68
2005.497  7  1  2.85
2005.500  7  2  3.11
2005.503  7  3  2.49
2005.505  7  4  2.02
2005.508  7  5  1.84
2005.511  7  6  2.10
2005.514  7  7  2.53
2005.516  7  8  2.45
2005.519  7  9  2.48
2005.522  7 10  2.52
2005.525  7 11  2.09
2005.527  7 12  1.65
2005.530  7 13  2.16
2005.533  7 14  2.58
2005.536  7 15  2.79
2005.538  7 16  2.79
2005.541  7 17  2.82
2005.544  7 18  3.02
2005.547  7 19  3.14
2005.549  7 20  2.37
2005.552  7 21  1.84
2005.555  7 22  2.23
2005.558  7 23  2.77
2005.560  7 24  2.55
2005.563  7 25  2.68
2005.566  7 26  3.53
2005.568  7 27  3.67
2005.571  7 28  3.81
2005.574  7 29  2.95
2005.577  7 30  2.61
2005.579  7 31  2.21
2005.582  8  1  1.75
2005.585  8  2  2.35
2005.588  8  3  3.10
2005.590  8  4  3.02
2005.593  8  5  2.65
2005.596  8  6  2.81
2005.599  8  7  3.30
2005.601  8  8  2.66
2005.604  8  9  2.62
2005.607  8 10  2.42
2005.610  8 11  2.28
2005.612  8 12  2.63
2005.615  8 13  2.96
2005.618  8 14  2.72
2005.621  8 15  2.64
2005.623  8 16  2.78
2005.626  8 17  2.84
2005.629  8 18  2.40
2005.632  8 19  2.13
2005.634  8 20  2.34
2005.637  8 21  2.29
2005.640  8 22  1.97
2005.642  8 23  2.21
2005.645  8 24  2.34
2005.648  8 25  1.78
2005.651  8 26  1.67
2005.653  8 27  1.86
2005.656  8 28  2.04
2005.659  8 29  2.00
2005.662  8 30  1.74
2005.664  8 31  1.81
2005.667  9  1  1.91
2005.670  9  2  1.99
2005.673  9  3  2.25
2005.675  9  4  2.25
2005.678  9  5  2.15
2005.681  9  6  1.93
2005.684  9  7  1.88
2005.686  9  8  2.08
2005.689  9  9  2.48
2005.692  9 10  2.49
2005.695  9 11  1.94
2005.697  9 12  2.00
2005.700  9 13  2.66
2005.703  9 14  3.06
2005.705  9 15  3.04
2005.708  9 16  2.84
2005.711  9 17  3.08
2005.714  9 18  2.46
2005.716  9 19  1.68
2005.719  9 20  1.46
2005.722  9 21  1.73
2005.725  9 22  2.05
2005.727  9 23  1.90
2005.730  9 24  1.65
2005.733  9 25  1.71
2005.736  9 26  1.74
2005.738  9 27  1.55
2005.741  9 28  1.44
2005.744  9 29  1.70
2005.747  9 30  1.98
2005.749 10  1  1.88
2005.752 10  2  2.02
2005.755 10  3  2.30
2005.758 10  4  2.36
2005.760 10  5  2.03
2005.763 10  6  1.89
2005.766 10  7  1.84
2005.768 10  8  1.76
2005.771 10  9  1.75
2005.774 10 10  1.82
2005.777 10 11  1.47
2005.779 10 12  1.53
2005.782 10 13  1.86
2005.785 10 14  2.44
2005.788 10 15  3.46
2005.790 10 16  3.49
2005.793 10 17  3.31
2005.796 10 18  3.18
2005.799 10 19  3.11
2005.801 10 20  2.80
2005.804 10 21  2.66
2005.807 10 22  2.71
2005.810 10 23  2.55
2005.812 10 24  2.13
2005.815 10 25  1.84
2005.818 10 26  1.81
2005.821 10 27  2.67
2005.823 10 28  2.55
2005.826 10 29  1.75
2005.829 10 30  2.02
2005.832 10 31  2.57
2005.834 11  1  2.33
2005.837 11  2  2.17
2005.840 11  3  2.34
2005.842 11  4  2.81
2005.845 11  5  2.45
2005.848 11  6  2.44
2005.851 11  7  2.34
2005.853 11  8  2.18
2005.856 11  9  2.02
2005.859 11 10  1.66
2005.862 11 11  1.79
2005.864 11 12  2.00
2005.867 11 13  1.81
2005.870 11 14  1.52
2005.873 11 15  1.42
2005.875 11 16  1.70
2005.878 11 17  1.68
2005.881 11 18  1.57
2005.884 11 19  1.69
2005.886 11 20  1.76
2005.889 11 21  1.76
2005.892 11 22  2.09
2005.895 11 23  2.51
2005.897 11 24  2.60
2005.900 11 25  2.47
2005.903 11 26  2.62
2005.905 11 27  2.86
2005.908 11 28  2.44
2005.911 11 29  1.59
2005.914 11 30  1.30
2005.916 12  1  1.58
2005.919 12  2  1.70
2005.922 12  3  1.64
2005.925 12  4  1.60
2005.927 12  5  1.67
2005.930 12  6  1.69
2005.933 12  7  1.83
2005.936 12  8  1.79
2005.938 12  9  1.53
2005.941 12 10  1.39
2005.944 12 11  1.34
2005.947 12 12  1.66
2005.949 12 13  2.17
2005.952 12 14  2.08
2005.955 12 15  1.73
2005.958 12 16  1.50
2005.960 12 17  1.46
2005.963 12 18  1.42
2005.966 12 19  1.28
2005.968 12 20  1.47
2005.971 12 21  1.60
2005.974 12 22  2.05
2005.977 12 23  1.76
2005.979 12 24  1.65
2005.982 12 25  1.96
2005.985 12 26  2.47
2005.988 12 27  2.45
2005.990 12 28  2.47
2005.993 12 29  2.47
2005.996 12 30  2.59
2005.999 12 31  2.55
2006.001  1  1  2.11
2006.004  1  2  1.77
2006.007  1  3  1.68
2006.010  1  4  1.97
2006.012  1  5  2.67
2006.015  1  6  2.78
2006.018  1  7  2.62
2006.021  1  8  2.52
2006.023  1  9  2.28
2006.026  1 10  1.76
2006.029  1 11  1.44
2006.032  1 12  1.12
2006.034  1 13  1.26
2006.037  1 14  1.66
2006.040  1 15  2.45
2006.042  1 16  2.28
2006.045  1 17  2.16
2006.048  1 18  1.93
2006.051  1 19  1.78
2006.053  1 20  1.58
2006.056  1 21  1.51
2006.059  1 22  1.45
2006.062  1 23  1.18
2006.064  1 24  1.27
2006.067  1 25  1.50
2006.070  1 26  1.59
2006.073  1 27  1.84
2006.075  1 28  2.06
2006.078  1 29  1.95
2006.081  1 30  1.82
2006.084  1 31  1.86
2006.086  2  1  2.13
2006.089  2  2  2.24
2006.092  2  3  2.56
2006.095  2  4  2.10
2006.097  2  5  1.75
2006.100  2  6  1.87
2006.103  2  7  1.88
2006.105  2  8  1.56
2006.108  2  9  1.31
2006.111  2 10  1.59
2006.114  2 11  2.12
2006.116  2 12  2.42
2006.119  2 13  1.93
2006.122  2 14  1.50
2006.125  2 15  1.32
2006.127  2 16  1.36
2006.130  2 17  1.37
2006.133  2 18  1.19
2006.136  2 19  1.26
2006.138  2 20  1.36
2006.141  2 21  1.34
2006.144  2 22  1.49
2006.147  2 23  1.91
2006.149  2 24  2.29
2006.152  2 25  2.24
2006.155  2 26  2.84
2006.158  2 27  3.68
2006.160  2 28  4.26
2006.163  3  1  4.32
2006.166  3  2  3.00
2006.168  3  3  1.98
2006.171  3  4  1.27
2006.174  3  5  1.20
2006.177  3  6  1.26
2006.179  3  7  1.55
2006.182  3  8  1.36
2006.185  3  9  1.17
2006.188  3 10  1.13
2006.190  3 11  1.31
2006.193  3 12  2.03
2006.196  3 13  2.33
2006.199  3 14  1.52
2006.201  3 15  1.83
2006.204  3 16  1.72
2006.207  3 17  1.39
2006.210  3 18  1.53
2006.212  3 19  1.81
2006.215  3 20  2.29
2006.218  3 21  2.41
2006.221  3 22  1.96
2006.223  3 23  1.77
2006.226  3 24  2.10
2006.229  3 25  2.92
2006.232  3 26  2.62
2006.234  3 27  1.48
2006.237  3 28  1.37
2006.240  3 29  1.71
2006.242  3 30  1.56
2006.245  3 31  1.26
2006.248  4  1  1.48
2006.251  4  2  1.59
2006.253  4  3  2.11
2006.256  4  4  2.74
2006.259  4  5  1.67
2006.262  4  6  1.18
2006.264  4  7  1.34
2006.267  4  8  1.72
2006.270  4  9  1.60
2006.273  4 10  1.74
2006.275  4 11  1.62
2006.278  4 12  1.45
2006.281  4 13  1.43
2006.284  4 14  1.17
2006.286  4 15  1.37
2006.289  4 16  1.44
2006.292  4 17  1.24
2006.295  4 18  1.55
2006.297  4 19  2.10
2006.300  4 20  1.90
2006.303  4 21  2.06
2006.305  4 22  2.11
2006.308  4 23  1.86
2006.311  4 24  2.18
2006.314  4 25  2.57
2006.316  4 26  2.76
2006.319  4 27  2.19
2006.322  4 28  1.58
2006.325  4 29  2.13
2006.327  4 30  2.59
2006.330  5  1  2.06
2006.333  5  2  1.53
2006.336  5  3  1.72
2006.338  5  4  2.25
2006.341  5  5  2.33
2006.344  5  6  2.34
2006.347  5  7  2.02
2006.349  5  8  2.61
2006.352  5  9  3.10
2006.355  5 10  3.19
2006.358  5 11  3.13
2006.360  5 12  2.49
2006.363  5 13  2.31
2006.366  5 14  2.53
2006.368  5 15  2.25
2006.371  5 16  2.09
2006.374  5 17  2.46
2006.377  5 18  2.86
2006.379  5 19  2.61
2006.382  5 20  2.68
2006.385  5 21  2.38
2006.388  5 22  1.72
2006.390  5 23  1.80
2006.448  6 13  1.46
2006.451  6 14  1.58
2006.453  6 15  2.35
2006.456  6 16  2.45
2006.459  6 17  2.55
2006.462  6 18  2.72
2006.464  6 19  2.59
2006.467  6 20  2.76
2006.470  6 21  3.03
2006.473  6 22  3.00
2006.475  6 23  2.70
2006.478  6 24  2.85
2006.481  6 25  2.29
2006.484  6 26  2.31
2006.486  6 27  2.69
2006.489  6 28  2.91
2006.492  6 29  2.68
2006.495  6 30  3.03
2006.497  7  1  3.04
2006.500  7  2  2.86
2006.503  7  3  2.74
2006.505  7  4  2.79
2006.508  7  5  2.89
2006.511  7  6  2.61
2006.514  7  7  2.62
2006.516  7  8  2.29
2006.519  7  9  2.03
2006.522  7 10  1.91
2006.525  7 11  1.65
2006.527  7 12  1.68
2006.530  7 13  2.19
2006.533  7 14  2.59
2006.536  7 15  2.42
2006.538  7 16  1.99
2006.541  7 17  2.28
2006.544  7 18  2.63
2006.547  7 19  2.62
2006.549  7 20  2.57
2006.552  7 21  2.23
2006.555  7 22  1.95
2006.558  7 23  2.00
2006.560  7 24  2.16
2006.563  7 25  2.65
2006.566  7 26  2.80
2006.568  7 27  3.00
2006.571  7 28  3.05
2006.574  7 29  2.95
2006.577  7 30  3.48
2006.579  7 31  2.76
2006.582  8  1  2.44
2006.585  8  2  2.81
2006.588  8  3  3.14
2006.590  8  4  2.98
2006.593  8  5  2.93
2006.596  8  6  3.02
2006.599  8  7  2.42
2006.601  8  8  2.59
2006.604  8  9  2.31
2006.607  8 10  2.52
2006.610  8 11  3.31
2006.612  8 12  2.89
2006.615  8 13  2.63
2006.618  8 14  3.14
2006.621  8 15  2.58
2006.623  8 16  2.25
2006.626  8 17  2.49
2006.629  8 18  2.89
2006.632  8 19  2.74
2006.634  8 20  2.87
2006.637  8 21  2.86
2006.640  8 22  3.04
2006.642  8 23  2.76
2006.645  8 24  2.36
2006.648  8 25  2.19
2006.651  8 26  2.44
2006.653  8 27  2.53
2006.656  8 28  2.39
2006.659  8 29  2.45
2006.662  8 30  2.36
2006.664  8 31  2.16
2006.667  9  1  2.12
2006.670  9  2  2.00
2006.673  9  3  1.95
2006.675  9  4  2.19
2006.678  9  5  2.85
2006.681  9  6  3.02
2006.684  9  7  2.99
2006.686  9  8  3.21
2006.689  9  9  3.16
2006.692  9 10  3.05
2006.695  9 11  2.66
2006.697  9 12  1.92
2006.700  9 13  1.64
2006.703  9 14  1.62
2006.705  9 15  2.07
2006.708  9 16  2.44
2006.711  9 17  2.39
2006.714  9 18  1.92
2006.716  9 19  1.99
2006.719  9 20  2.44
2006.722  9 21  2.99
2006.725  9 22  2.94
2006.727  9 23  2.75
2006.730  9 24  3.11
2006.733  9 25  3.47
2006.736  9 26  3.47
2006.738  9 27  3.27
2006.741  9 28  3.13
2006.744  9 29  2.39
2006.747  9 30  2.47
2006.749 10  1  3.25
2006.752 10  2  3.27
2006.755 10  3  2.86
2006.758 10  4  3.43
2006.760 10  5  3.58
2006.763 10  6  2.99
2006.766 10  7  3.17
2006.768 10  8  2.77
2006.771 10  9  1.96
2006.774 10 10  1.52
2006.777 10 11  1.38
2006.779 10 12  1.38
2006.782 10 13  1.39
2006.785 10 14  1.65
2006.788 10 15  2.23
2006.790 10 16  3.61
2006.793 10 17  3.73
2006.796 10 18  3.58
2006.799 10 19  3.61
2006.801 10 20  3.38
2006.804 10 21  2.90
2006.807 10 22  3.11
2006.810 10 23  2.88
2006.812 10 24  2.04
2006.815 10 25  1.96
2006.818 10 26  2.57
2006.821 10 27  2.71
2006.823 10 28  1.64
2006.826 10 29  1.79
2006.829 10 30  2.92
2006.832 10 31  4.11
2006.834 11  1  3.89
2006.837 11  2  3.60
2006.840 11  3  2.63
2006.842 11  4  2.38
2006.845 11  5  1.67
2006.848 11  6  1.52
2006.851 11  7  1.29
2006.853 11  8  1.22
2006.856 11  9  1.15
2006.859 11 10  1.33
2006.862 11 11  1.12
2006.864 11 12  1.08
2006.867 11 13  1.21
2006.870 11 14  1.49
2006.873 11 15  2.30
2006.875 11 16  2.34
2006.878 11 17  1.83
2006.881 11 18  1.76
2006.884 11 19  1.76
2006.886 11 20  1.96
2006.889 11 21  1.70
2006.892 11 22  2.03
2006.895 11 23  1.96
2006.897 11 24  2.06
2006.900 11 25  2.17
2006.903 11 26  2.10
2006.905 11 27  2.48
2006.908 11 28  2.61
2006.911 11 29  2.38
2006.914 11 30  2.56
2006.916 12  1  2.26
2006.919 12  2  2.36
2006.922 12  3  2.39
2006.925 12  4  2.05
2006.927 12  5  2.20
2006.930 12  6  2.24
2006.933 12  7  2.32
2006.936 12  8  2.08
2006.938 12  9  1.88
2006.941 12 10  1.91
2006.944 12 11  1.62
2006.947 12 12  1.34
2006.949 12 13  1.52
2006.952 12 14  1.74
2006.955 12 15  1.84
2006.958 12 16  2.19
2006.960 12 17  2.35
2006.963 12 18  2.42
2006.966 12 19  2.19
2006.968 12 20  1.97
2006.971 12 21  2.10
2006.974 12 22  2.27
2006.977 12 23  2.63
2006.979 12 24  2.61
2006.982 12 25  2.40
2006.985 12 26  2.26
2006.988 12 27  2.60
2006.990 12 28  2.84
2006.993 12 29  2.82
2006.996 12 30  2.18
2006.999 12 31  1.68
2007.001  1  1  1.59
2007.004  1  2  1.51
2007.007  1  3  1.81
2007.010  1  4  1.75
2007.012  1  5  2.30
2007.015  1  6  2.17
2007.018  1  7  1.78
2007.021  1  8  1.60
2007.023  1  9  2.06
2007.026  1 10  2.26
2007.029  1 11  1.92
2007.032  1 12  1.41
2007.034  1 13  1.95
2007.037  1 14  2.34
2007.040  1 15  1.89
2007.042  1 16  1.62
2007.045  1 17  2.30
2007.048  1 18  2.67
2007.051  1 19  2.05
2007.053  1 20  1.79
2007.056  1 21  2.61
2007.059  1 22  3.81
2007.062  1 23  3.22
2007.064  1 24  2.39
2007.067  1 25  2.02
2007.070  1 26  2.14
2007.073  1 27  2.70
2007.075  1 28  2.46
2007.078  1 29  2.20
2007.081  1 30  1.84
2007.084  1 31  1.63
2007.086  2  1  1.86
2007.089  2  2  1.80
2007.092  2  3  1.91
2007.095  2  4  1.72
2007.097  2  5  2.19
2007.100  2  6  2.23
2007.103  2  7  2.00
2007.105  2  8  1.81
2007.108  2  9  2.37
2007.111  2 10  2.29
2007.114  2 11  2.05
2007.116  2 12  1.73
2007.119  2 13  1.96
2007.122  2 14  2.75
2007.125  2 15  3.51
2007.127  2 16  2.80
2007.130  2 17  2.28
2007.133  2 18  2.89
2007.136  2 19  2.61
2007.138  2 20  2.61
2007.141  2 21  3.23
2007.144  2 22  3.90
2007.147  2 23  3.58
2007.149  2 24  3.20
2007.152  2 25  3.10
2007.155  2 26  2.58
2007.158  2 27  1.95
2007.160  2 28  1.84
2007.163  3  1  2.10
2007.166  3  2  2.89
2007.168  3  3  2.73
2007.171  3  4  1.91
2007.174  3  5  2.12
2007.177  3  6  2.04
2007.179  3  7  2.04
2007.182  3  8  1.54
2007.185  3  9  1.20
2007.188  3 10  1.12
2007.190  3 11  0.96
2007.193  3 12  1.04
2007.196  3 13  1.27
2007.199  3 14  1.59
2007.201  3 15  2.14
2007.204  3 16  1.82
2007.207  3 17  1.48
2007.210  3 18  1.27
2007.212  3 19  1.20
2007.215  3 20  1.38
2007.218  3 21  1.32
2007.221  3 22  1.15
2007.223  3 23  1.33
2007.226  3 24  1.43
2007.229  3 25  1.70
2007.232  3 26  1.62
2007.234  3 27  1.46
2007.237  3 28  2.25
2007.240  3 29  2.76
2007.242  3 30  3.00
2007.245  3 31  2.47
2007.248  4  1  1.62
2007.251  4  2  2.22
2007.253  4  3  2.11
2007.256  4  4  1.48
2007.259  4  5  1.33
2007.262  4  6  1.79
2007.264  4  7  2.06
2007.267  4  8  1.44
2007.270  4  9  1.04
2007.273  4 10  0.83
2007.275  4 11  1.07
2007.278  4 12  1.72
2007.281  4 13  2.14
2007.284  4 14  2.03
2007.286  4 15  1.78
2007.289  4 16  1.37
2007.292  4 17  1.46
2007.295  4 18  1.40
2007.297  4 19  1.67
2007.300  4 20  1.90
2007.303  4 21  1.90
2007.305  4 22  2.00
2007.308  4 23  2.16
2007.311  4 24  1.70
2007.314  4 25  1.56
2007.316  4 26  1.78
2007.319  4 27  2.33
2007.322  4 28  2.63
2007.325  4 29  2.58
2007.327  4 30  2.41
2007.330  5  1  2.75
2007.333  5  2  2.42
2007.336  5  3  2.19
2007.338  5  4  2.52
2007.341  5  5  2.38
2007.344  5  6  1.95
2007.347  5  7  1.65
2007.349  5  8  2.06
2007.352  5  9  2.17
2007.355  5 10  1.61
2007.358  5 11  1.77
2007.360  5 12  2.33
2007.363  5 13  2.55
2007.366  5 14  2.51
2007.368  5 15  2.11
2007.371  5 16  2.35
2007.374  5 17  2.42
2007.377  5 18  2.00
2007.440  6 10  2.48
2007.442  6 11  2.63
2007.445  6 12  3.11
2007.448  6 13  2.29
2007.451  6 14  2.04
2007.453  6 15  2.93
2007.456  6 16  3.29
2007.459  6 17  2.40
2007.462  6 18  2.18
2007.464  6 19  3.29
2007.467  6 20  3.66
2007.470  6 21  2.62
2007.473  6 22  2.58
2007.475  6 23  3.66
2007.478  6 24  3.67
2007.481  6 25  2.78
2007.484  6 26  2.59
2007.486  6 27  2.59
2007.489  6 28  1.98
2007.492  6 29  1.77
2007.495  6 30  1.90
2007.497  7  1  2.61
2007.500  7  2  3.04
2007.503  7  3  2.65
2007.505  7  4  2.44
2007.508  7  5  2.55
2007.511  7  6  2.51
2007.514  7  7  2.43
2007.516  7  8  2.97
2007.519  7  9  3.02
2007.522  7 10  2.52
2007.525  7 11  2.12
2007.527  7 12  2.08
2007.530  7 13  2.04
2007.533  7 14  2.24
2007.536  7 15  2.21
2007.538  7 16  3.23
2007.541  7 17  3.85
2007.544  7 18  3.05
2007.547  7 19  2.93
2007.549  7 20  2.79
2007.552  7 21  2.57
2007.555  7 22  2.61
2007.558  7 23  3.33
2007.560  7 24  4.03
2007.563  7 25  2.50
2007.566  7 26  2.01
2007.568  7 27  3.21
2007.571  7 28  3.07
2007.574  7 29  2.39
2007.577  7 30  3.25
2007.579  7 31  3.70
2007.582  8  1  3.10
2007.585  8  2  3.22
2007.588  8  3  3.18
2007.590  8  4  2.08
2007.593  8  5  1.68
2007.596  8  6  2.34
2007.599  8  7  2.55
2007.601  8  8  2.30
2007.604  8  9  2.36
2007.607  8 10  2.87
2007.610  8 11  3.14
2007.612  8 12  2.61
2007.615  8 13  2.51
2007.618  8 14  2.52
2007.621  8 15  2.37
2007.623  8 16  2.15
2007.626  8 17  2.04
2007.629  8 18  2.14
2007.632  8 19  2.13
2007.634  8 20  2.03
2007.637  8 21  2.12
2007.640  8 22  2.22
2007.642  8 23  2.21
2007.645  8 24  2.19
2007.648  8 25  1.88
2007.651  8 26  2.11
2007.653  8 27  2.72
2007.656  8 28  3.18
2007.659  8 29  3.28
2007.662  8 30  3.05
2007.664  8 31  2.87
2007.667  9  1  2.93
2007.670  9  2  2.50
2007.673  9  3  2.22
2007.675  9  4  2.18
2007.678  9  5  2.12
2007.681  9  6  2.18
2007.684  9  7  2.28
2007.686  9  8  2.45
2007.689  9  9  2.59
2007.692  9 10  2.46
2007.695  9 11  2.58
2007.697  9 12  2.56
2007.700  9 13  2.46
2007.703  9 14  2.15
2007.705  9 15  2.32
2007.708  9 16  2.44
2007.711  9 17  2.48
2007.714  9 18  2.64
2007.716  9 19  2.83
2007.719  9 20  2.19
2007.722  9 21  1.46
2007.725  9 22  1.39
2007.727  9 23  2.12
2007.730  9 24  2.28
2007.733  9 25  2.26
2007.736  9 26  2.28
2007.738  9 27  2.46
2007.741  9 28  2.62
2007.744  9 29  2.76
2007.747  9 30  2.34
2007.749 10  1  1.91
2007.752 10  2  1.73
2007.755 10  3  1.71
2007.758 10  4  1.90
2007.760 10  5  2.14
2007.763 10  6  1.92
2007.766 10  7  2.00
2007.768 10  8  2.45
2007.771 10  9  2.74
2007.774 10 10  3.01
2007.777 10 11  2.70
2007.779 10 12  2.71
2007.782 10 13  2.95
2007.785 10 14  2.81
2007.788 10 15  2.43
2007.790 10 16  2.22
2007.793 10 17  2.71
2007.796 10 18  2.85
2007.799 10 19  2.68
2007.801 10 20  3.11
2007.804 10 21  3.70
2007.807 10 22  3.38
2007.810 10 23  3.35
2007.812 10 24  3.15
2007.815 10 25  2.56
2007.818 10 26  2.24
2007.821 10 27  1.94
2007.823 10 28  1.71
2007.826 10 29  1.65
2007.829 10 30  1.70
2007.832 10 31  1.87
2007.834 11  1  2.32
2007.837 11  2  2.92
2007.840 11  3  3.10
2007.842 11  4  3.36
2007.845 11  5  2.87
2007.848 11  6  2.29
2007.851 11  7  1.71
2007.853 11  8  1.96
2007.856 11  9  2.22
2007.859 11 10  2.47
2007.862 11 11  2.29
2007.864 11 12  2.44
2007.867 11 13  2.49
2007.870 11 14  2.50
2007.873 11 15  2.53
2007.875 11 16  2.27
2007.878 11 17  2.08
2007.881 11 18  2.00
2007.884 11 19  2.26
2007.886 11 20  2.60
2007.889 11 21  2.63
2007.892 11 22  2.12
2007.895 11 23  2.13
2007.897 11 24  1.76
2007.900 11 25  1.77
2007.903 11 26  1.98
2007.905 11 27  2.13
2007.908 11 28  1.92
2007.911 11 29  2.57
2007.914 11 30  3.47
2007.916 12  1  3.57
2007.919 12  2  2.68
2007.922 12  3  1.87
2007.925 12  4  1.89
2007.927 12  5  2.16
2007.930 12  6  2.08
2007.933 12  7  2.27
2007.936 12  8  2.26
2007.938 12  9  2.35
2007.941 12 10  2.73
2007.944 12 11  2.82
2007.947 12 12  3.07
2007.949 12 13  3.11
2007.952 12 14  3.04
2007.955 12 15  3.48
2007.958 12 16  3.41
2007.960 12 17  2.97
2007.963 12 18  3.58
2007.966 12 19  3.65
2007.968 12 20  3.00
2007.971 12 21  2.86
2007.974 12 22  3.40
2007.977 12 23  2.79
2007.979 12 24  1.99
2007.982 12 25  2.71
2007.985 12 26  2.47
2007.988 12 27  1.83
2007.990 12 28  1.67
2007.993 12 29  2.04
2007.996 12 30  2.38
2007.999 12 31  2.86
2008.001  1  1  3.60
2008.004  1  2  3.88
2008.007  1  3  2.75
2008.010  1  4  2.20
2008.012  1  5  2.78
2008.015  1  6  2.62
2008.018  1  7  2.24
2008.020  1  8  2.00
2008.023  1  9  1.89
2008.026  1 10  2.34
2008.029  1 11  2.15
2008.031  1 12  2.26
2008.034  1 13  2.64
2008.037  1 14  2.75
2008.040  1 15  2.33
2008.042  1 16  2.41
2008.045  1 17  2.61
2008.048  1 18  1.79
2008.051  1 19  0.92
2008.053  1 20  1.05
2008.056  1 21  1.41
2008.059  1 22  1.78
2008.061  1 23  1.65
2008.064  1 24  1.66
2008.067  1 25  1.47
2008.070  1 26  1.67
2008.072  1 27  2.10
2008.075  1 28  1.95
2008.078  1 29  1.76
2008.081  1 30  1.60
2008.083  1 31  1.69
2008.086  2  1  1.58
2008.089  2  2  1.46
2008.092  2  3  1.68
2008.094  2  4  2.32
2008.097  2  5  2.49
2008.100  2  6  2.53
2008.102  2  7  3.38
2008.105  2  8  3.38
2008.108  2  9  3.06
2008.111  2 10  2.89
2008.113  2 11  2.49
2008.116  2 12  2.03
2008.119  2 13  2.24
2008.122  2 14  2.34
2008.124  2 15  3.22
2008.127  2 16  2.05
2008.130  2 17  1.65
2008.133  2 18  1.76
2008.135  2 19  2.31
2008.138  2 20  2.50
2008.141  2 21  1.78
2008.143  2 22  1.23
2008.146  2 23  1.78
2008.149  2 24  2.36
2008.152  2 25  2.34
2008.154  2 26  1.82
2008.157  2 27  1.34
2008.160  2 28  1.76
2008.163  2 29  2.37
2008.165  3  1  2.08
2008.168  3  2  1.71
2008.171  3  3  1.39
2008.173  3  4  2.24
2008.176  3  5  3.04
2008.179  3  6  2.60
2008.182  3  7  3.05
2008.184  3  8  2.40
2008.187  3  9  2.23
2008.190  3 10  1.76
2008.193  3 11  1.28
2008.195  3 12  1.00
2008.198  3 13  0.97
2008.201  3 14  1.21
2008.204  3 15  1.70
2008.206  3 16  2.02
2008.209  3 17  2.51
2008.212  3 18  2.43
2008.214  3 19  1.83
2008.217  3 20  1.55
2008.220  3 21  1.85
2008.223  3 22  1.95
2008.225  3 23  1.57
2008.228  3 24  1.14
2008.231  3 25  1.00
2008.234  3 26  1.16
2008.236  3 27  1.54
2008.239  3 28  1.72
2008.242  3 29  1.58
2008.245  3 30  1.55
2008.247  3 31  1.67
2008.250  4  1  2.42
2008.253  4  2  3.08
2008.255  4  3  2.90
2008.258  4  4  2.18
2008.261  4  5  2.45
2008.264  4  6  2.49
2008.266  4  7  2.51
2008.269  4  8  2.69
2008.272  4  9  2.76
2008.275  4 10  2.53
2008.277  4 11  2.53
2008.280  4 12  2.17
2008.283  4 13  2.31
2008.286  4 14  2.52
2008.288  4 15  1.99
2008.291  4 16  1.54
2008.294  4 17  1.47
2008.296  4 18  2.23
2008.299  4 19  2.99
2008.302  4 20  2.37
2008.305  4 21  1.55
2008.307  4 22  1.58
2008.310  4 23  2.48
2008.313  4 24  2.00
2008.316  4 25  1.98
2008.318  4 26  2.18
2008.321  4 27  2.33
2008.324  4 28  2.32
2008.327  4 29  2.44
2008.329  4 30  2.85
2008.332  5  1  2.62
2008.335  5  2  2.92
2008.337  5  3  2.04
2008.340  5  4  1.68
2008.343  5  5  1.79
2008.346  5  6  2.60
2008.348  5  7  2.48
2008.351  5  8  1.99
2008.354  5  9  2.05
2008.357  5 10  2.12
2008.359  5 11  2.06
2008.362  5 12  2.62
2008.365  5 13  3.58
2008.367  5 14  3.47
2008.370  5 15  2.54
2008.433  6  7  2.92
2008.436  6  8  3.13
2008.439  6  9  3.04
2008.441  6 10  2.33
2008.444  6 11  2.23
2008.447  6 12  2.17
2008.449  6 13  2.47
2008.452  6 14  3.23
2008.455  6 15  2.84
2008.458  6 16  2.06
2008.460  6 17  2.07
2008.463  6 18  2.30
2008.466  6 19  2.15
2008.469  6 20  2.08
2008.471  6 21  2.42
2008.474  6 22  2.93
2008.477  6 23  2.48
2008.480  6 24  2.05
2008.482  6 25  2.09
2008.485  6 26  2.06
2008.488  6 27  2.11
2008.490  6 28  2.26
2008.493  6 29  2.24
2008.496  6 30  2.12
2008.499  7  1  2.49
2008.501  7  2  2.70
2008.504  7  3  2.30
2008.507  7  4  2.48
2008.510  7  5  3.14
2008.512  7  6  3.62
2008.515  7  7  2.78
2008.518  7  8  2.32
2008.520  7  9  2.59
2008.523  7 10  2.34
2008.526  7 11  2.12
2008.529  7 12  2.48
2008.531  7 13  2.95
2008.534  7 14  3.29
2008.537  7 15  2.37
2008.540  7 16  2.02
2008.542  7 17  3.27
2008.545  7 18  3.66
2008.548  7 19  2.17
2008.551  7 20  1.53
2008.553  7 21  1.89
2008.556  7 22  2.30
2008.559  7 23  2.84
2008.561  7 24  2.71
2008.564  7 25  2.15
2008.567  7 26  2.18
2008.570  7 27  2.62
2008.572  7 28  2.39
2008.575  7 29  2.37
2008.578  7 30  2.76
2008.581  7 31  2.36
2008.583  8  1  2.30
2008.586  8  2  2.92
2008.589  8  3  3.67
2008.592  8  4  2.88
2008.594  8  5  2.84
2008.597  8  6  3.10
2008.600  8  7  2.88
2008.602  8  8  3.07
2008.605  8  9  3.02
2008.608  8 10  2.39
2008.611  8 11  1.83
2008.613  8 12  2.43
2008.616  8 13  2.65
2008.619  8 14  2.31
2008.622  8 15  2.17
2008.624  8 16  2.97
2008.627  8 17  2.82
2008.630  8 18  2.87
2008.633  8 19  2.82
2008.635  8 20  2.57
2008.638  8 21  2.14
2008.641  8 22  2.28
2008.643  8 23  2.90
2008.646  8 24  2.44
2008.649  8 25  1.85
2008.652  8 26  2.09
2008.654  8 27  2.62
2008.657  8 28  2.46
2008.660  8 29  1.97
2008.663  8 30  1.99
2008.665  8 31  2.20
2008.668  9  1  2.43
2008.671  9  2  2.30
2008.673  9  3  2.35
2008.676  9  4  2.28
2008.679  9  5  2.10
2008.682  9  6  1.99
2008.684  9  7  1.89
2008.687  9  8  2.11
2008.690  9  9  2.39
2008.693  9 10  2.77
2008.695  9 11  2.99
2008.698  9 12  3.31
2008.701  9 13  3.82
2008.704  9 14  3.20
2008.706  9 15  3.09
2008.709  9 16  3.07
2008.712  9 17  3.05
2008.714  9 18  2.46
2008.717  9 19  2.29
2008.720  9 20  2.35
2008.723  9 21  2.35
2008.725  9 22  2.13
2008.728  9 23  2.04
2008.731  9 24  2.83
2008.734  9 25  4.00
2008.736  9 26  2.65
2008.739  9 27  1.86
2008.742  9 28  2.10
2008.745  9 29  2.04
2008.747  9 30  2.00
2008.750 10  1  2.10
2008.753 10  2  2.35
2008.755 10  3  2.40
2008.758 10  4  2.09
2008.761 10  5  1.65
2008.764 10  6  1.89
2008.766 10  7  1.89
2008.769 10  8  1.85
2008.772 10  9  2.02
2008.775 10 10  2.27
2008.777 10 11  2.27
2008.780 10 12  2.05
2008.783 10 13  1.96
2008.786 10 14  1.94
2008.788 10 15  2.09
2008.791 10 16  1.70
2008.794 10 17  1.67
2008.796 10 18  1.73
2008.799 10 19  1.71
2008.802 10 20  1.21
2008.805 10 21  0.90
2008.807 10 22  1.00
2008.810 10 23  1.16
2008.813 10 24  0.93
2008.816 10 25  0.91
2008.818 10 26  0.89
2008.821 10 27  0.99
2008.824 10 28  0.94
2008.827 10 29  0.88
2008.829 10 30  1.12
2008.832 10 31  1.33
2008.835 11  1  1.34
2008.837 11  2  1.60
2008.840 11  3  1.76
2008.843 11  4  1.89
2008.846 11  5  2.09
2008.848 11  6  2.49
2008.851 11  7  2.06
2008.854 11  8  1.58
2008.857 11  9  1.76
2008.859 11 10  1.74
2008.862 11 11  1.71
2008.865 11 12  1.73
2008.867 11 13  1.64
2008.870 11 14  1.67
2008.873 11 15  1.56
2008.876 11 16  1.43
2008.878 11 17  1.53
2008.881 11 18  1.56
2008.884 11 19  1.64
2008.887 11 20  1.77
2008.889 11 21  2.57
2008.892 11 22  2.86
2008.895 11 23  1.97
2008.898 11 24  1.98
2008.900 11 25  2.05
2008.903 11 26  1.49
2008.906 11 27  1.12
2008.908 11 28  1.04
2008.911 11 29  1.26
2008.914 11 30  1.61
2008.917 12  1  2.04
2008.919 12  2  2.11
2008.922 12  3  2.01
2008.925 12  4  2.16
2008.928 12  5  2.15
2008.930 12  6  1.93
2008.933 12  7  1.75
2008.936 12  8  1.59
2008.939 12  9  1.66
2008.941 12 10  1.43
2008.944 12 11  1.34
2008.947 12 12  1.71
2008.949 12 13  1.80
2008.952 12 14  1.63
2008.955 12 15  1.51
2008.958 12 16  1.23
2008.960 12 17  1.32
2008.963 12 18  1.37
2008.966 12 19  1.17
2008.969 12 20  0.97
2008.971 12 21  0.97
2008.974 12 22  1.22
2008.977 12 23  1.85
2008.980 12 24  1.80
2008.982 12 25  1.88
2008.985 12 26  1.98
2008.988 12 27  1.85
2008.990 12 28  2.27
2008.993 12 29  2.60
2008.996 12 30  2.77
2008.999 12 31  2.91
2009.001  1  1  3.30
2009.004  1  2  3.55
2009.007  1  3  4.12
2009.010  1  4  3.03
2009.012  1  5  2.20
2009.015  1  6  1.87
2009.018  1  7  2.29
2009.021  1  8  2.50
2009.023  1  9  2.41
2009.026  1 10  2.13
2009.029  1 11  1.82
2009.032  1 12  2.15
2009.034  1 13  2.25
2009.037  1 14  2.32
2009.040  1 15  2.61
2009.042  1 16  2.15
2009.045  1 17  1.76
2009.048  1 18  1.69
2009.051  1 19  1.35
2009.053  1 20  1.62
2009.056  1 21  1.66
2009.059  1 22  1.73
2009.062  1 23  1.60
2009.064  1 24  1.39
2009.067  1 25  1.38
2009.070  1 26  1.39
2009.073  1 27  1.32
2009.075  1 28  1.29
2009.078  1 29  1.60
2009.081  1 30  2.16
2009.084  1 31  1.73
2009.086  2  1  1.61
2009.089  2  2  1.77
2009.092  2  3  2.15
2009.095  2  4  2.21
2009.097  2  5  2.01
2009.100  2  6  1.84
2009.103  2  7  1.68
2009.105  2  8  2.12
2009.108  2  9  2.25
2009.111  2 10  2.50
2009.114  2 11  2.38
2009.116  2 12  2.57
2009.119  2 13  2.06
2009.122  2 14  1.78
2009.125  2 15  1.48
2009.127  2 16  1.59
2009.130  2 17  1.31
2009.133  2 18  1.28
2009.136  2 19  1.45
2009.138  2 20  1.63
2009.141  2 21  1.76
2009.144  2 22  1.50
2009.147  2 23  1.52
2009.149  2 24  1.67
2009.152  2 25  1.36
2009.155  2 26  1.16
2009.158  2 27  1.57
2009.160  2 28  1.73
2009.163  3  1  1.54
2009.166  3  2  1.50
2009.168  3  3  1.65
2009.171  3  4  1.74
2009.174  3  5  1.78
2009.177  3  6  1.53
2009.179  3  7  1.25
2009.182  3  8  1.21
2009.185  3  9  1.58
2009.188  3 10  1.85
2009.190  3 11  1.68
2009.193  3 12  1.55
2009.196  3 13  1.22
2009.199  3 14  1.22
2009.201  3 15  0.97
2009.204  3 16  0.83
2009.207  3 17  1.08
2009.210  3 18  1.22
2009.212  3 19  1.19
2009.215  3 20  1.17
2009.218  3 21  1.74
2009.221  3 22  2.31
2009.223  3 23  1.92
2009.226  3 24  1.82
2009.229  3 25  1.47
2009.232  3 26  1.59
2009.234  3 27  1.73
2009.237  3 28  1.36
2009.240  3 29  1.05
2009.242  3 30  0.77
2009.245  3 31  0.93
2009.248  4  1  1.05
2009.251  4  2  1.06
2009.253  4  3  1.50
2009.256  4  4  1.72
2009.259  4  5  2.09
2009.262  4  6  2.16
2009.264  4  7  2.14
2009.267  4  8  1.74
2009.270  4  9  1.31
2009.273  4 10  1.11
2009.275  4 11  1.17
2009.278  4 12  1.37
2009.281  4 13  1.73
2009.284  4 14  2.39
2009.286  4 15  2.52
2009.289  4 16  2.31
2009.292  4 17  1.93
2009.295  4 18  1.69
2009.297  4 19  1.93
2009.300  4 20  2.26
2009.303  4 21  2.39
2009.305  4 22  1.70
2009.308  4 23  1.21
2009.311  4 24  1.15
2009.314  4 25  1.26
2009.316  4 26  1.86
2009.319  4 27  1.86
2009.322  4 28  1.47
2009.325  4 29  1.60
2009.327  4 30  2.54
2009.330  5  1  2.51
2009.333  5  2  1.91
2009.336  5  3  2.65
2009.338  5  4  2.90
2009.341  5  5  1.88
2009.344  5  6  1.54
2009.347  5  7  1.83
2009.349  5  8  1.88
2009.352  5  9  1.56
2009.355  5 10  1.31
2009.358  5 11  1.39
2009.360  5 12  1.66
2009.363  5 13  1.68
2009.366  5 14  2.10
2009.368  5 15  2.50
2009.371  5 16  2.95
2009.374  5 17  3.59
2009.377  5 18  2.82
2009.379  5 19  2.29
2009.382  5 20  2.50
2009.385  5 21  2.71
2009.388  5 22  2.95
2009.390  5 23  3.21
2009.393  5 24  3.00
2009.396  5 25  1.89
2009.399  5 26  1.55
2009.401  5 27  2.31
2009.404  5 28  3.68
2009.407  5 29  2.96
2009.410  5 30  2.71
2009.412  5 31  3.49
2009.415  6  1  3.32
2009.418  6  2  3.76
2009.421  6  3  3.53
2009.423  6  4  2.41
2009.434  6  8  1.63
2009.437  6  9  1.97
2009.440  6 10  2.48
2009.442  6 11  2.56
2009.445  6 12  2.47
2009.448  6 13  2.76
2009.451  6 14  3.26
2009.453  6 15  2.88
2009.456  6 16  2.30
2009.459  6 17  2.18
2009.462  6 18  2.43
2009.464  6 19  2.96
2009.467  6 20  2.87
2009.470  6 21  2.52
2009.473  6 22  2.08
2009.475  6 23  2.15
2009.478  6 24  2.17
2009.481  6 25  2.33
2009.484  6 26  2.76
2009.486  6 27  2.67
2009.489  6 28  3.16
2009.492  6 29  2.74
2009.495  6 30  2.38
2009.497  7  1  3.31
2009.500  7  2  3.45
2009.503  7  3  2.76
2009.505  7  4  3.05
2009.508  7  5  2.78
2009.511  7  6  2.18
2009.514  7  7  2.02
2009.516  7  8  2.27
2009.519  7  9  3.69
2009.522  7 10  3.17
2009.525  7 11  2.52
2009.527  7 12  3.02
2009.530  7 13  2.49
2009.533  7 14  1.92
2009.536  7 15  2.39
2009.538  7 16  2.71
2009.541  7 17  2.44
2009.544  7 18  2.49
2009.547  7 19  2.82
2009.549  7 20  3.26
2009.552  7 21  2.53
2009.555  7 22  2.33
2009.558  7 23  2.84
2009.560  7 24  2.96
2009.563  7 25  3.03
2009.566  7 26  3.33
2009.568  7 27  2.98
2009.571  7 28  2.27
2009.574  7 29  2.33
2009.577  7 30  2.28
2009.579  7 31  2.26
2009.582  8  1  2.80
2009.585  8  2  3.31
2009.588  8  3  2.40
2009.590  8  4  1.93
2009.593  8  5  2.32
2009.596  8  6  2.43
2009.599  8  7  2.23
2009.601  8  8  2.22
2009.604  8  9  2.97
2009.607  8 10  3.45
2009.610  8 11  2.44
2009.612  8 12  1.87
2009.615  8 13  2.12
2009.618  8 14  2.61
2009.621  8 15  2.93
2009.623  8 16  2.82
2009.626  8 17  2.90
2009.629  8 18  3.20
2009.632  8 19  2.59
2009.634  8 20  2.33
2009.637  8 21  2.68
2009.640  8 22  2.49
2009.642  8 23  2.10
2009.645  8 24  2.24
2009.648  8 25  2.10
2009.651  8 26  1.73
2009.653  8 27  1.57
2009.656  8 28  1.82
2009.659  8 29  1.96
2009.662  8 30  1.59
2009.664  8 31  1.39
2009.667  9  1  1.57
2009.670  9  2  2.21
2009.673  9  3  2.49
2009.675  9  4  2.28
2009.678  9  5  2.80
2009.681  9  6  2.66
2009.684  9  7  2.08
2009.686  9  8  2.18
2009.689  9  9  2.29
2009.692  9 10  2.32
2009.695  9 11  2.12
2009.697  9 12  2.27
2009.700  9 13  2.86
2009.703  9 14  2.56
2009.705  9 15  2.05
2009.708  9 16  2.03
2009.711  9 17  2.51
2009.714  9 18  2.40
2009.716  9 19  2.19
2009.719  9 20  2.07
2009.722  9 21  1.81
2009.725  9 22  1.44
2009.727  9 23  1.25
2009.730  9 24  1.31
2009.733  9 25  1.41
2009.736  9 26  1.57
2009.738  9 27  1.54
2009.741  9 28  1.54
2009.744  9 29  1.92
2009.747  9 30  2.39
2009.749 10  1  2.15
2009.752 10  2  2.08
2009.755 10  3  2.21
2009.758 10  4  2.16
2009.760 10  5  2.05
2009.763 10  6  1.78
2009.766 10  7  1.70
2009.768 10  8  2.15
2009.771 10  9  2.71
2009.774 10 10  2.78
2009.777 10 11  2.42
2009.779 10 12  2.59
2009.782 10 13  3.15
2009.785 10 14  2.30
2009.788 10 15  2.28
2009.790 10 16  2.95
2009.793 10 17  2.69
2009.796 10 18  2.07
2009.799 10 19  2.30
2009.801 10 20  2.76
2009.804 10 21  2.49
2009.807 10 22  2.37
2009.810 10 23  2.39
2009.812 10 24  2.46
2009.815 10 25  2.49
2009.818 10 26  3.04
2009.821 10 27  3.21
2009.823 10 28  3.10
2009.826 10 29  3.21
2009.829 10 30  3.49
2009.832 10 31  2.67
2009.834 11  1  1.62
2009.837 11  2  1.75
2009.840 11  3  2.04
2009.842 11  4  2.15
2009.845 11  5  2.11
2009.848 11  6  2.16
2009.851 11  7  2.37
2009.853 11  8  2.25
2009.856 11  9  2.15
2009.859 11 10  1.98
2009.862 11 11  2.05
2009.864 11 12  2.57
2009.867 11 13  2.67
2009.870 11 14  2.07
2009.873 11 15  1.60
2009.875 11 16  1.64
2009.878 11 17  1.62
2009.881 11 18  1.49
2009.884 11 19  1.84
2009.886 11 20  1.97
2009.889 11 21  2.02
2009.892 11 22  2.21
2009.895 11 23  2.15
2009.897 11 24  2.53
2009.900 11 25  2.49
2009.903 11 26  1.83
2009.905 11 27  1.81
2009.908 11 28  2.09
2009.911 11 29  2.08
2009.914 11 30  1.77
2009.916 12  1  1.67
2009.919 12  2  1.54
2009.922 12  3  1.34
2009.925 12  4  1.35
2009.927 12  5  1.55
2009.930 12  6  2.16
2009.933 12  7  2.63
2009.936 12  8  2.56
2009.938 12  9  2.54
2009.941 12 10  2.44
2009.944 12 11  2.91
2009.947 12 12  2.69
2009.949 12 13  2.52
2009.952 12 14  2.51
2009.955 12 15  2.23
2009.958 12 16  1.93
2009.960 12 17  1.56
2009.963 12 18  2.24
2009.966 12 19  2.91
2009.968 12 20  2.23
2009.971 12 21  1.88
2009.974 12 22  2.08
2009.977 12 23  2.44
2009.979 12 24  2.24
2009.982 12 25  1.86
2009.985 12 26  1.63
2009.988 12 27  1.66
2009.990 12 28  1.66
2009.993 12 29  1.72
2009.996 12 30  1.82
2009.999 12 31  1.96
2010.001  1  1  2.34
2010.004  1  2  2.84
2010.007  1  3  3.18
2010.010  1  4  3.40
2010.012  1  5  2.96
2010.015  1  6  2.45
2010.018  1  7  2.63
2010.021  1  8  2.85
2010.023  1  9  2.17
2010.026  1 10  1.91
2010.029  1 11  1.87
2010.032  1 12  2.32
2010.034  1 13  1.91
2010.037  1 14  1.61
2010.040  1 15  1.76
2010.042  1 16  1.58
2010.045  1 17  1.31
2010.048  1 18  1.34
2010.051  1 19  1.78
2010.053  1 20  2.33
2010.056  1 21  2.26
2010.059  1 22  2.55
2010.062  1 23  2.35
2010.064  1 24  2.38
2010.067  1 25  1.87
2010.070  1 26  1.68
2010.073  1 27  1.70
2010.075  1 28  1.88
2010.078  1 29  2.16
2010.081  1 30  2.34
2010.084  1 31  2.42
2010.086  2  1  2.02
2010.089  2  2  1.55
2010.092  2  3  2.06
2010.095  2  4  2.72
2010.097  2  5  2.83
2010.100  2  6  2.23
2010.103  2  7  2.45
2010.105  2  8  3.18
2010.108  2  9  2.01
2010.111  2 10  1.53
2010.114  2 11  1.51
2010.116  2 12  2.48
2010.119  2 13  2.96
2010.122  2 14  3.35
2010.125  2 15  2.60
2010.127  2 16  2.09
2010.130  2 17  2.22
2010.133  2 18  2.57
2010.136  2 19  2.73
2010.138  2 20  2.46
2010.141  2 21  2.33
2010.144  2 22  2.15
2010.147  2 23  2.37
2010.149  2 24  1.94
2010.152  2 25  1.50
2010.155  2 26  1.26
2010.158  2 27  1.50
2010.160  2 28  1.69
2010.163  3  1  2.20
2010.166  3  2  1.98
2010.168  3  3  1.93
2010.171  3  4  2.52
2010.174  3  5  1.99
2010.177  3  6  1.48
2010.179  3  7  1.35
2010.182  3  8  1.84
2010.185  3  9  2.40
2010.188  3 10  2.10
2010.190  3 11  1.64
2010.193  3 12  2.18
2010.196  3 13  2.39
2010.199  3 14  1.75
2010.201  3 15  1.51
2010.204  3 16  1.92
2010.207  3 17  2.36
2010.210  3 18  2.03
2010.212  3 19  1.90
2010.215  3 20  1.82
2010.218  3 21  2.44
2010.221  3 22  2.98
2010.223  3 23  2.73
2010.226  3 24  2.58
2010.229  3 25  2.45
2010.232  3 26  2.65
2010.234  3 27  2.89
2010.237  3 28  3.01
2010.240  3 29  2.60
2010.242  3 30  2.00
2010.245  3 31  1.81
2010.248  4  1  2.66
2010.251  4  2  2.10
2010.253  4  3  1.47
2010.256  4  4  1.22
2010.259  4  5  1.50
2010.262  4  6  2.04
2010.264  4  7  2.15
2010.267  4  8  1.87
2010.270  4  9  1.88
2010.273  4 10  2.84
2010.275  4 11  2.75
2010.278  4 12  1.84
2010.281  4 13  1.34
2010.284  4 14  1.41
2010.286  4 15  1.40
2010.289  4 16  1.29
2010.292  4 17  1.28
2010.295  4 18  1.54
2010.297  4 19  2.06
2010.300  4 20  1.83
2010.303  4 21  1.35
2010.305  4 22  1.23
2010.308  4 23  1.62
2010.311  4 24  2.01
2010.314  4 25  1.78
2010.316  4 26  1.66
2010.319  4 27  2.05
2010.322  4 28  1.72
2010.325  4 29  2.27
2010.327  4 30  2.65
2010.330  5  1  3.12
2010.333  5  2  2.70
2010.336  5  3  2.38
2010.338  5  4  2.31
2010.341  5  5  2.34
2010.344  5  6  3.09
2010.347  5  7  3.28
2010.349  5  8  2.86
2010.352  5  9  2.81
2010.355  5 10  2.47
2010.358  5 11  1.61
2010.360  5 12  1.14
2010.363  5 13  1.47
2010.366  5 14  2.55
2010.429  6  6  3.15
2010.432  6  7  3.16
2010.434  6  8  2.56
2010.437  6  9  2.21
2010.440  6 10  2.04
2010.442  6 11  1.94
2010.445  6 12  1.54
2010.448  6 13  1.65
2010.451  6 14  2.16
2010.453  6 15  2.35
2010.456  6 16  2.62
2010.459  6 17  2.30
2010.462  6 18  2.20
2010.464  6 19  2.28
2010.467  6 20  2.76
2010.470  6 21  2.76
2010.473  6 22  2.90
2010.475  6 23  2.72
2010.478  6 24  2.39
2010.481  6 25  1.94
2010.484  6 26  2.01
2010.486  6 27  3.12
2010.489  6 28  3.32
2010.492  6 29  2.63
2010.495  6 30  2.68
2010.497  7  1  3.12
2010.500  7  2  2.98
2010.503  7  3  2.26
2010.505  7  4  1.88
2010.508  7  5  2.91
2010.511  7  6  3.74
2010.514  7  7  3.36
2010.516  7  8  1.77
2010.519  7  9  1.62
2010.522  7 10  1.83
2010.525  7 11  2.07
2010.527  7 12  2.16
2010.530  7 13  2.48
2010.533  7 14  2.97
2010.536  7 15  2.77
2010.538  7 16  2.76
2010.541  7 17  2.98
2010.544  7 18  3.02
2010.547  7 19  2.37
2010.549  7 20  1.99
2010.552  7 21  1.69
2010.555  7 22  1.66
2010.558  7 23  1.98
2010.560  7 24  2.34
2010.563  7 25  2.68
2010.566  7 26  3.45
2010.568  7 27  2.96
2010.571  7 28  2.67
2010.574  7 29  3.05
2010.577  7 30  3.08
2010.579  7 31  3.10
2010.582  8  1  3.48
2010.585  8  2  3.57
2010.588  8  3  2.71
2010.590  8  4  2.16
2010.593  8  5  2.46
2010.596  8  6  2.88
2010.599  8  7  2.92
2010.601  8  8  3.41
2010.604  8  9  3.40
2010.607  8 10  2.73
2010.610  8 11  2.39
2010.612  8 12  2.63
2010.615  8 13  3.04
2010.618  8 14  2.82
2010.621  8 15  2.68
2010.623  8 16  3.02
2010.626  8 17  2.69
2010.629  8 18  2.49
2010.632  8 19  2.25
2010.634  8 20  2.38
2010.637  8 21  2.41
2010.640  8 22  2.19
2010.642  8 23  2.22
2010.645  8 24  2.33
2010.648  8 25  2.85
2010.651  8 26  2.82
2010.653  8 27  2.52
2010.656  8 28  2.25
2010.659  8 29  2.15
2010.662  8 30  2.41
2010.664  8 31  2.10
2010.667  9  1  2.10
2010.670  9  2  2.21
2010.673  9  3  2.37
2010.675  9  4  2.83
2010.678  9  5  3.21
2010.681  9  6  3.52
2010.684  9  7  3.86
2010.686  9  8  3.76
2010.689  9  9  3.45
2010.692  9 10  3.49
2010.695  9 11  2.59
2010.697  9 12  1.70
2010.700  9 13  1.66
2010.703  9 14  2.25
2010.705  9 15  3.02
2010.708  9 16  2.72
2010.711  9 17  2.33
2010.714  9 18  2.33
2010.716  9 19  2.64
2010.719  9 20  2.25
2010.722  9 21  2.01
2010.725  9 22  2.06
2010.727  9 23  2.43
2010.730  9 24  2.96
2010.733  9 25  2.61
2010.736  9 26  2.57
2010.738  9 27  2.61
2010.741  9 28  2.53
2010.744  9 29  2.49
2010.747  9 30  2.64
2010.749 10  1  3.09
2010.752 10  2  2.99
2010.755 10  3  2.25
2010.758 10  4  1.91
2010.760 10  5  2.13
2010.763 10  6  2.24
2010.766 10  7  2.37
2010.768 10  8  2.44
2010.771 10  9  2.63
2010.774 10 10  2.95
2010.777 10 11  3.21
2010.779 10 12  3.21
2010.782 10 13  2.70
2010.785 10 14  2.71
2010.788 10 15  2.68
2010.790 10 16  2.47
2010.793 10 17  2.83
2010.796 10 18  2.94
2010.799 10 19  3.17
2010.801 10 20  2.98
2010.804 10 21  2.79
2010.807 10 22  2.70
2010.810 10 23  2.79
2010.812 10 24  2.66
2010.815 10 25  2.36
2010.818 10 26  2.51
2010.821 10 27  2.58
2010.823 10 28  2.71
2010.826 10 29  2.95
2010.829 10 30  2.77
2010.832 10 31  2.22
2010.834 11  1  2.14
2010.837 11  2  1.99
2010.840 11  3  2.05
2010.842 11  4  2.20
2010.845 11  5  2.20
2010.848 11  6  1.88
2010.851 11  7  1.92
2010.853 11  8  2.43
2010.856 11  9  2.59
2010.859 11 10  2.63
2010.862 11 11  2.57
2010.864 11 12  2.00
2010.867 11 13  1.93
2010.870 11 14  1.80
2010.873 11 15  1.86
2010.875 11 16  2.42
2010.878 11 17  2.95
2010.881 11 18  3.25
2010.884 11 19  3.83
2010.886 11 20  3.33
2010.889 11 21  3.47
2010.892 11 22  3.57
2010.895 11 23  3.27
2010.897 11 24  3.01
2010.900 11 25  3.32
2010.903 11 26  3.93
2010.905 11 27  4.53
2010.908 11 28  2.79
2010.911 11 29  2.69
2010.914 11 30  3.54
2010.916 12  1  3.18
2010.919 12  2  2.56
2010.922 12  3  2.53
2010.925 12  4  3.11
2010.927 12  5  2.71
2010.930 12  6  2.12
2010.933 12  7  2.52
2010.936 12  8  2.90
2010.938 12  9  2.29
2010.941 12 10  1.93
2010.944 12 11  2.05
2010.947 12 12  2.88
2010.949 12 13  2.64
2010.952 12 14  2.25
2010.955 12 15  2.40
2010.958 12 16  3.43
2010.960 12 17  2.93
2010.963 12 18  2.38
2010.966 12 19  2.20
2010.968 12 20  1.89
2010.971 12 21  1.75
2010.974 12 22  1.89
2010.977 12 23  1.82
2010.979 12 24  1.83
2010.982 12 25  2.35
2010.985 12 26  2.82
2010.988 12 27  2.27
2010.990 12 28  1.53
2010.993 12 29  1.36
2010.996 12 30  1.74
2010.999 12 31  1.91
2011.001  1  1  1.29
2011.004  1  2  1.40
2011.007  1  3  1.81
2011.010  1  4  1.90
2011.012  1  5  1.72
2011.015  1  6  1.54
2011.018  1  7  1.47
2011.021  1  8  1.69
2011.023  1  9  2.58
2011.026  1 10  2.91
2011.029  1 11  2.73
2011.032  1 12  2.85
2011.034  1 13  2.56
2011.037  1 14  1.98
2011.040  1 15  1.58
2011.042  1 16  1.55
2011.045  1 17  1.86
2011.048  1 18  1.49
2011.051  1 19  2.48
2011.053  1 20  3.56
2011.056  1 21  2.94
2011.059  1 22  2.70
2011.062  1 23  2.23
2011.064  1 24  1.53
2011.067  1 25  1.47
2011.070  1 26  1.73
2011.073  1 27  2.09
2011.075  1 28  2.77
2011.078  1 29  3.11
2011.081  1 30  2.76
2011.084  1 31  2.42
2011.086  2  1  2.20
2011.089  2  2  1.99
2011.092  2  3  1.43
2011.095  2  4  1.16
2011.097  2  5  0.86
2011.100  2  6  1.04
2011.103  2  7  1.37
2011.105  2  8  1.98
2011.108  2  9  2.65
2011.111  2 10  2.66
2011.114  2 11  2.51
2011.116  2 12  2.58
2011.119  2 13  2.17
2011.122  2 14  1.95
2011.125  2 15  2.16
2011.127  2 16  2.30
2011.130  2 17  2.59
2011.133  2 18  2.45
2011.136  2 19  2.54
2011.138  2 20  2.59
2011.141  2 21  2.14
2011.144  2 22  2.37
2011.147  2 23  3.10
2011.149  2 24  2.41
2011.152  2 25  1.59
2011.155  2 26  1.23
2011.158  2 27  2.11
2011.160  2 28  3.30
2011.163  3  1  2.82
2011.166  3  2  2.28
2011.168  3  3  2.38
2011.171  3  4  2.83
2011.174  3  5  2.47
2011.177  3  6  1.79
2011.179  3  7  1.41
2011.182  3  8  1.74
2011.185  3  9  2.18
2011.188  3 10  1.68
2011.190  3 11  0.94
2011.193  3 12  0.97
2011.196  3 13  1.45
2011.199  3 14  2.35
2011.201  3 15  2.42
2011.204  3 16  1.63
2011.207  3 17  1.37
2011.210  3 18  1.92
2011.212  3 19  1.96
2011.215  3 20  1.32
2011.218  3 21  1.26
2011.221  3 22  1.02
2011.223  3 23  1.33
2011.226  3 24  1.85
2011.229  3 25  2.16
2011.232  3 26  2.21
2011.234  3 27  1.75
2011.237  3 28  2.04
2011.240  3 29  2.93
2011.242  3 30  3.92
2011.245  3 31  3.65
2011.248  4  1  3.08
2011.251  4  2  2.28
2011.253  4  3  2.08
2011.256  4  4  1.73
2011.259  4  5  1.94
2011.262  4  6  1.50
2011.264  4  7  1.28
2011.267  4  8  1.24
2011.270  4  9  1.80
2011.273  4 10  2.33
2011.275  4 11  2.19
2011.278  4 12  2.31
2011.281  4 13  2.52
2011.284  4 14  2.27
2011.286  4 15  1.99
2011.289  4 16  1.78
2011.292  4 17  1.78
2011.295  4 18  1.83
2011.297  4 19  1.64
2011.300  4 20  1.40
2011.303  4 21  1.38
2011.305  4 22  1.56
2011.308  4 23  2.00
2011.311  4 24  1.76
2011.314  4 25  1.54
2011.316  4 26  1.92
2011.319  4 27  2.16
2011.322  4 28  2.03
2011.325  4 29  2.09
2011.327  4 30  2.53
2011.330  5  1  2.66
2011.333  5  2  2.95
2011.336  5  3  3.18
2011.338  5  4  2.47
2011.341  5  5  2.06
2011.344  5  6  2.72
2011.347  5  7  3.99
2011.349  5  8  2.96
2011.352  5  9  2.40
2011.355  5 10  3.24
2011.358  5 11  3.14
2011.360  5 12  2.55
2011.363  5 13  2.86
2011.366  5 14  3.05
2011.368  5 15  1.98
2011.371  5 16  1.50
2011.374  5 17  1.50
2011.377  5 18  2.21
2011.379  5 19  2.41
2011.382  5 20  2.18
2011.385  5 21  2.12
2011.388  5 22  2.49
2011.448  6 13  2.56
2011.451  6 14  3.02
2011.453  6 15  2.84
2011.456  6 16  1.87
2011.459  6 17  1.97
2011.462  6 18  2.59
2011.464  6 19  2.77
2011.467  6 20  2.47
2011.470  6 21  2.85
2011.473  6 22  2.73
2011.475  6 23  2.34
2011.478  6 24  2.58
2011.481  6 25  2.90
2011.484  6 26  2.74
2011.486  6 27  2.43
2011.489  6 28  2.54
2011.492  6 29  2.62
2011.495  6 30  2.54
2011.497  7  1  2.66
2011.500  7  2  2.88
2011.503  7  3  3.56
2011.505  7  4  3.59
2011.508  7  5  3.35
2011.511  7  6  3.70
2011.514  7  7  3.67
2011.516  7  8  3.75
2011.519  7  9  4.03
2011.522  7 10  2.65
2011.525  7 11  1.87
2011.527  7 12  2.27
2011.530  7 13  2.72
2011.533  7 14  2.61
2011.536  7 15  2.37
2011.538  7 16  2.77
2011.541  7 17  3.38
2011.544  7 18  3.16
2011.547  7 19  2.77
2011.549  7 20  3.04
2011.552  7 21  3.22
2011.555  7 22  3.37
2011.558  7 23  3.10
2011.560  7 24  2.71
2011.563  7 25  2.23
2011.566  7 26  2.42
2011.568  7 27  3.05
2011.571  7 28  3.03
2011.574  7 29  3.49
2011.577  7 30  4.33
2011.579  7 31  3.50
2011.582  8  1  3.33
2011.585  8  2  3.33
2011.588  8  3  3.29
2011.590  8  4  3.84
2011.593  8  5  3.37
2011.596  8  6  2.24
2011.599  8  7  2.27
2011.601  8  8  2.53
2011.604  8  9  2.87
2011.607  8 10  3.20
2011.610  8 11  3.06
2011.612  8 12  2.79
2011.615  8 13  2.86
2011.618  8 14  2.89
2011.621  8 15  2.63
2011.623  8 16  2.52
2011.626  8 17  2.58
2011.629  8 18  2.82
2011.632  8 19  2.42
2011.634  8 20  2.06
2011.637  8 21  1.91
2011.640  8 22  2.13
2011.642  8 23  2.51
2011.645  8 24  2.72
2011.648  8 25  2.69
2011.651  8 26  2.65
2011.653  8 27  2.79
2011.656  8 28  2.82
2011.659  8 29  3.06
2011.662  8 30  3.03
2011.664  8 31  3.12
2011.667  9  1  2.82
2011.670  9  2  2.79
2011.673  9  3  2.69
2011.675  9  4  2.25
2011.678  9  5  2.06
2011.681  9  6  2.65
2011.684  9  7  3.06
2011.686  9  8  2.04
2011.689  9  9  1.78
2011.692  9 10  2.60
2011.695  9 11  2.36
2011.697  9 12  1.88
2011.700  9 13  1.85
2011.703  9 14  2.05
2011.705  9 15  2.34
2011.708  9 16  2.73
2011.711  9 17  3.38
2011.714  9 18  3.26
2011.716  9 19  2.81
2011.719  9 20  2.57
2011.722  9 21  2.47
2011.725  9 22  2.31
2011.727  9 23  2.25
2011.730  9 24  2.55
2011.733  9 25  2.75
2011.736  9 26  2.87
2011.738  9 27  3.14
2011.741  9 28  2.77
2011.744  9 29  2.23
2011.747  9 30  2.27
2011.749 10  1  2.24
2011.752 10  2  2.02
2011.755 10  3  1.96
2011.758 10  4  1.71
2011.760 10  5  2.01
2011.763 10  6  2.02
2011.766 10  7  2.14
2011.768 10  8  2.81
2011.771 10  9  2.51
2011.774 10 10  1.95
2011.777 10 11  1.80
2011.779 10 12  1.95
2011.782 10 13  2.12
2011.785 10 14  2.16
2011.788 10 15  2.33
2011.790 10 16  2.37
2011.793 10 17  2.14
2011.796 10 18  1.50
2011.799 10 19  1.54
2011.801 10 20  2.21
2011.804 10 21  2.50
2011.807 10 22  2.54
2011.810 10 23  2.62
2011.812 10 24  2.77
2011.815 10 25  2.93
2011.818 10 26  2.59
2011.821 10 27  2.35
2011.823 10 28  2.13
2011.826 10 29  2.00
2011.829 10 30  1.68
2011.832 10 31  1.61
2011.834 11  1  1.54
2011.837 11  2  1.52
2011.840 11  3  1.67
2011.842 11  4  1.91
2011.845 11  5  1.78
2011.848 11  6  1.54
2011.851 11  7  1.49
2011.853 11  8  1.54
2011.856 11  9  1.95
2011.859 11 10  1.84
2011.862 11 11  1.90
2011.864 11 12  2.35
2011.867 11 13  2.19
2011.870 11 14  1.95
2011.873 11 15  1.92
2011.875 11 16  2.36
2011.878 11 17  3.24
2011.881 11 18  3.55
2011.884 11 19  3.43
2011.886 11 20  3.56
2011.889 11 21  3.30
2011.892 11 22  3.23
2011.895 11 23  1.91
2011.897 11 24  1.54
2011.900 11 25  1.36
2011.903 11 26  1.33
2011.905 11 27  1.68
2011.908 11 28  1.83
2011.911 11 29  1.77
2011.914 11 30  2.22
2011.916 12  1  2.27
2011.919 12  2  1.91
2011.922 12  3  1.62
2011.925 12  4  1.76
2011.927 12  5  1.83
2011.930 12  6  1.62
2011.933 12  7  1.96
2011.936 12  8  2.24
2011.938 12  9  1.98
2011.941 12 10  1.93
2011.944 12 11  2.42
2011.947 12 12  2.41
2011.949 12 13  2.05
2011.952 12 14  1.83
2011.955 12 15  2.15
2011.958 12 16  2.73
2011.960 12 17  2.95
2011.963 12 18  2.62
2011.966 12 19  2.29
2011.968 12 20  1.93
2011.971 12 21  1.89
2011.974 12 22  1.60
2011.977 12 23  1.45
2011.979 12 24  1.55
2011.982 12 25  1.84
2011.985 12 26  1.79
2011.988 12 27  1.76
2011.990 12 28  2.10
2011.993 12 29  1.73
2011.996 12 30  1.81
2011.999 12 31  1.56
2012.001  1  1  1.05
2012.004  1  2  1.12
2012.007  1  3  1.38
2012.010  1  4  1.33
2012.012  1  5  1.40
2012.015  1  6  1.57
2012.018  1  7  1.39
2012.020  1  8  1.39
2012.023  1  9  1.17
2012.026  1 10  1.14
2012.029  1 11  1.25
2012.031  1 12  1.55
2012.034  1 13  1.60
2012.037  1 14  1.68
2012.040  1 15  1.68
2012.042  1 16  1.96
2012.045  1 17  2.40
2012.048  1 18  2.71
2012.051  1 19  2.08
2012.053  1 20  2.11
2012.056  1 21  1.53
2012.059  1 22  1.70
2012.061  1 23  1.69
2012.064  1 24  1.61
2012.067  1 25  1.35
2012.070  1 26  1.04
2012.072  1 27  1.07
2012.075  1 28  1.22
2012.078  1 29  1.51
2012.081  1 30  1.79
2012.083  1 31  1.50
2012.086  2  1  1.20
2012.089  2  2  1.29
2012.092  2  3  1.58
2012.094  2  4  2.07
2012.097  2  5  1.94
2012.100  2  6  2.38
2012.102  2  7  2.77
2012.105  2  8  2.56
2012.108  2  9  1.92
2012.111  2 10  1.75
2012.113  2 11  1.71
2012.116  2 12  1.93
2012.119  2 13  1.94
2012.122  2 14  1.75
2012.124  2 15  1.68
2012.127  2 16  1.66
2012.130  2 17  1.55
2012.133  2 18  1.41
2012.135  2 19  1.36
2012.138  2 20  1.29
2012.141  2 21  1.65
2012.143  2 22  1.67
2012.146  2 23  1.52
2012.149  2 24  1.43
2012.152  2 25  1.60
2012.154  2 26  1.85
2012.157  2 27  1.42
2012.160  2 28  1.13
2012.163  2 29  1.17
2012.165  3  1  1.37
2012.168  3  2  1.70
2012.171  3  3  1.90
2012.173  3  4  1.73
2012.176  3  5  1.70
2012.179  3  6  1.90
2012.182  3  7  1.13
2012.184  3  8  1.16
2012.187  3  9  1.42
2012.190  3 10  1.48
2012.193  3 11  1.68
2012.195  3 12  1.79
2012.198  3 13  1.87
2012.201  3 14  1.77
2012.204  3 15  1.07
2012.206  3 16  0.86
2012.209  3 17  1.14
2012.212  3 18  1.38
2012.214  3 19  1.79
2012.217  3 20  1.89
2012.220  3 21  1.97
2012.223  3 22  1.87
2012.225  3 23  2.06
2012.228  3 24  2.30
2012.231  3 25  1.57
2012.234  3 26  1.13
2012.236  3 27  1.15
2012.239  3 28  1.35
2012.242  3 29  1.53
2012.245  3 30  1.49
2012.247  3 31  1.46
2012.250  4  1  1.50
2012.253  4  2  1.80
2012.255  4  3  2.12
2012.258  4  4  1.95
2012.261  4  5  1.65
2012.264  4  6  1.98
2012.266  4  7  2.08
2012.269  4  8  1.93
2012.272  4  9  2.02
2012.275  4 10  2.13
2012.277  4 11  2.08
2012.280  4 12  2.04
2012.283  4 13  1.83
2012.286  4 14  1.73
2012.288  4 15  1.63
2012.291  4 16  1.73
2012.294  4 17  1.89
2012.296  4 18  2.18
2012.299  4 19  2.64
2012.302  4 20  1.91
2012.305  4 21  1.46
2012.307  4 22  1.71
2012.310  4 23  2.27
2012.313  4 24  2.78
2012.316  4 25  3.06
2012.318  4 26  3.28
2012.321  4 27  2.19
2012.324  4 28  1.32
2012.327  4 29  1.41
2012.329  4 30  2.73
2012.332  5  1  3.88
2012.335  5  2  3.47
2012.337  5  3  3.16
2012.340  5  4  2.48
2012.343  5  5  1.69
2012.346  5  6  1.33
2012.348  5  7  1.57
2012.351  5  8  1.84
2012.354  5  9  1.83
2012.357  5 10  1.78
2012.359  5 11  2.04
2012.362  5 12  2.12
2012.365  5 13  2.51
2012.367  5 14  2.07
2012.370  5 15  1.66
2012.373  5 16  1.48
2012.376  5 17  1.65
2012.378  5 18  2.23
2012.381  5 19  2.17
2012.384  5 20  1.58
2012.387  5 21  1.68
2012.444  6 11  2.52
2012.447  6 12  2.72
2012.449  6 13  2.20
2012.452  6 14  1.88
2012.455  6 15  1.97
2012.458  6 16  2.04
2012.460  6 17  2.08
2012.463  6 18  2.00
2012.466  6 19  1.77
2012.469  6 20  1.68
2012.471  6 21  2.16
2012.474  6 22  2.37
2012.477  6 23  2.22
2012.480  6 24  2.47
2012.482  6 25  2.88
2012.485  6 26  2.81
2012.488  6 27  2.52
2012.490  6 28  2.35
2012.493  6 29  2.90
2012.496  6 30  2.42
2012.499  7  1  1.61
2012.501  7  2  1.55
2012.504  7  3  2.15
2012.507  7  4  2.59
2012.510  7  5  2.54
2012.512  7  6  2.24
2012.515  7  7  2.14
2012.518  7  8  2.08
2012.520  7  9  2.23
2012.523  7 10  2.57
2012.526  7 11  2.11
2012.529  7 12  1.58
2012.531  7 13  1.45
2012.534  7 14  1.35
2012.537  7 15  1.58
2012.540  7 16  1.77
2012.542  7 17  1.92
2012.545  7 18  2.05
2012.548  7 19  2.12
2012.551  7 20  2.04
2012.553  7 21  1.79
2012.556  7 22  1.88
2012.559  7 23  1.96
2012.561  7 24  2.04
2012.564  7 25  2.21
2012.567  7 26  2.43
2012.570  7 27  2.55
2012.572  7 28  2.16
2012.575  7 29  2.12
2012.578  7 30  2.69
2012.581  7 31  2.30
2012.583  8  1  1.90
2012.586  8  2  2.30
2012.589  8  3  2.69
2012.592  8  4  2.45
2012.594  8  5  2.42
2012.597  8  6  2.78
2012.600  8  7  2.47
2012.602  8  8  2.16
2012.605  8  9  2.00
2012.608  8 10  2.42
2012.611  8 11  2.60
2012.613  8 12  1.94
2012.616  8 13  1.91
2012.619  8 14  2.97
2012.622  8 15  3.21
2012.624  8 16  2.94
2012.627  8 17  2.95
2012.630  8 18  2.96
2012.633  8 19  2.58
2012.635  8 20  2.70
2012.638  8 21  2.49
2012.641  8 22  2.82
2012.643  8 23  3.48
2012.646  8 24  2.89
2012.649  8 25  2.35
2012.652  8 26  2.34
2012.654  8 27  3.00
2012.657  8 28  3.41
2012.660  8 29  2.33
2012.663  8 30  2.09
2012.665  8 31  2.51
2012.668  9  1  2.15
2012.671  9  2  1.75
2012.673  9  3  1.53
2012.676  9  4  1.68
2012.679  9  5  2.11
2012.682  9  6  2.44
2012.684  9  7  2.00
2012.687  9  8  1.91
2012.690  9  9  2.11
2012.693  9 10  1.91
2012.695  9 11  1.99
2012.698  9 12  2.21
2012.701  9 13  2.46
2012.704  9 14  2.29
2012.706  9 15  2.16
2012.709  9 16  2.13
2012.712  9 17  2.63
2012.714  9 18  2.05
2012.717  9 19  1.50
2012.720  9 20  1.42
2012.723  9 21  1.51
2012.725  9 22  1.67
2012.728  9 23  1.93
2012.731  9 24  2.11
2012.734  9 25  2.35
2012.736  9 26  2.39
2012.739  9 27  2.19
2012.742  9 28  1.62
2012.745  9 29  1.39
2012.747  9 30  1.76
2012.750 10  1  1.91
2012.753 10  2  2.24
2012.755 10  3  2.27
2012.758 10  4  2.10
2012.761 10  5  1.84
2012.764 10  6  1.70
2012.766 10  7  1.75
2012.769 10  8  2.00
2012.772 10  9  2.16
2012.775 10 10  2.40
2012.777 10 11  2.43
2012.780 10 12  2.53
2012.783 10 13  2.46
2012.786 10 14  2.24
2012.788 10 15  1.79
2012.791 10 16  1.54
2012.794 10 17  1.58
2012.796 10 18  1.85
2012.799 10 19  2.12
2012.802 10 20  2.32
2012.805 10 21  2.33
2012.807 10 22  2.55
2012.810 10 23  2.63
2012.813 10 24  3.00
2012.816 10 25  3.30
2012.818 10 26  2.54
2012.821 10 27  2.37
2012.824 10 28  2.19
2012.827 10 29  1.72
2012.829 10 30  1.48
2012.832 10 31  1.52
2012.835 11  1  1.68
2012.837 11  2  1.49
2012.840 11  3  1.29
2012.843 11  4  1.08
2012.846 11  5  1.09
2012.848 11  6  1.15
2012.851 11  7  1.42
2012.854 11  8  1.65
2012.857 11  9  1.48
2012.859 11 10  1.29
2012.862 11 11  1.24
2012.865 11 12  1.50
2012.867 11 13  1.48
2012.870 11 14  1.40
2012.873 11 15  1.28
2012.876 11 16  1.35
2012.878 11 17  1.37
2012.881 11 18  1.29
2012.884 11 19  1.16
2012.887 11 20  1.27
2012.889 11 21  1.36
2012.892 11 22  1.53
2012.895 11 23  1.47
2012.898 11 24  1.25
2012.900 11 25  1.44
2012.903 11 26  1.75
2012.906 11 27  2.12
2012.908 11 28  2.19
2012.911 11 29  2.26
2012.914 11 30  2.49
2012.917 12  1  2.61
2012.919 12  2  2.03
2012.922 12  3  1.76
2012.925 12  4  2.10
2012.928 12  5  2.42
2012.930 12  6  3.00
2012.933 12  7  2.30
2012.936 12  8  2.11
2012.939 12  9  2.23
2012.941 12 10  2.01
2012.944 12 11  1.73
2012.947 12 12  1.56
2012.949 12 13  1.53
2012.952 12 14  1.66
2012.955 12 15  1.82
2012.958 12 16  2.24
2012.960 12 17  2.31
2012.963 12 18  2.82
2012.966 12 19  2.50
2012.969 12 20  2.22
2012.971 12 21  2.91
2012.974 12 22  3.04
2012.977 12 23  3.98
2012.980 12 24  3.11
2012.982 12 25  2.37
2012.985 12 26  2.69
2012.988 12 27  2.79
2012.990 12 28  2.13
2012.993 12 29  1.73
2012.996 12 30  1.47
2012.999 12 31  1.63
2013.001  1  1  1.85
2013.004  1  2  1.87
2013.007  1  3  1.68
2013.010  1  4  1.97
2013.012  1  5  2.48
2013.015  1  6  2.09
2013.018  1  7  1.97
2013.021  1  8  2.12
2013.023  1  9  1.97
2013.026  1 10  1.91
2013.029  1 11  2.43
2013.032  1 12  2.86
2013.034  1 13  2.43
2013.037  1 14  2.60
2013.040  1 15  2.72
2013.042  1 16  2.37
2013.045  1 17  1.85
2013.048  1 18  1.61
2013.051  1 19  2.38
2013.053  1 20  2.33
2013.056  1 21  2.38
2013.059  1 22  3.25
2013.062  1 23  3.65
2013.064  1 24  2.61
2013.067  1 25  2.11
2013.070  1 26  2.19
2013.073  1 27  2.01
2013.075  1 28  1.43
2013.078  1 29  1.28
2013.081  1 30  1.60
2013.084  1 31  2.07
2013.086  2  1  2.13
2013.089  2  2  2.44
2013.092  2  3  2.35
2013.095  2  4  1.90
2013.097  2  5  1.75
2013.100  2  6  2.08
2013.103  2  7  2.10
2013.105  2  8  1.47
2013.108  2  9  1.44
2013.111  2 10  2.09
2013.114  2 11  2.76
2013.116  2 12  2.22
2013.119  2 13  1.95
2013.122  2 14  2.03
2013.125  2 15  2.07
2013.127  2 16  1.86
2013.130  2 17  1.66
2013.133  2 18  2.62
2013.136  2 19  3.42
2013.138  2 20  1.94
2013.141  2 21  1.73
2013.144  2 22  2.71
2013.147  2 23  2.64
2013.149  2 24  2.60
2013.152  2 25  2.40
2013.155  2 26  2.09
2013.158  2 27  1.80
2013.160  2 28  1.78
2013.163  3  1  1.66
2013.166  3  2  1.72
2013.168  3  3  1.76
2013.171  3  4  1.50
2013.174  3  5  1.45
2013.177  3  6  1.55
2013.179  3  7  1.54
2013.182  3  8  1.90
2013.185  3  9  2.70
2013.188  3 10  2.34
2013.190  3 11  2.61
2013.193  3 12  2.74
2013.196  3 13  2.13
2013.199  3 14  1.53
2013.201  3 15  1.40
2013.204  3 16  2.07
2013.207  3 17  2.22
2013.210  3 18  2.61
2013.212  3 19  2.81
2013.215  3 20  1.80
2013.218  3 21  1.37
2013.221  3 22  2.04
2013.223  3 23  3.78
2013.226  3 24  2.93
2013.229  3 25  2.76
2013.232  3 26  2.31
2013.234  3 27  2.17
2013.237  3 28  2.99
2013.240  3 29  2.53
2013.242  3 30  1.64
2013.245  3 31  1.76
2013.248  4  1  2.12
2013.251  4  2  2.20
2013.253  4  3  3.10
2013.256  4  4  3.74
2013.259  4  5  3.00
2013.262  4  6  3.10
2013.264  4  7  2.64
2013.267  4  8  1.69
2013.270  4  9  1.54
2013.273  4 10  1.42
2013.275  4 11  1.61
2013.278  4 12  1.69
2013.281  4 13  1.70
2013.284  4 14  1.90
2013.286  4 15  2.20
2013.289  4 16  2.33
2013.292  4 17  2.43
2013.295  4 18  1.95
2013.297  4 19  1.31
2013.300  4 20  1.27
2013.303  4 21  1.51
2013.305  4 22  1.87
2013.308  4 23  2.07
2013.311  4 24  1.98
2013.314  4 25  2.01
2013.316  4 26  1.94
2013.319  4 27  1.82
2013.322  4 28  1.40
2013.325  4 29  1.58
2013.327  4 30  1.72
2013.330  5  1  1.94
2013.333  5  2  1.70
2013.336  5  3  1.74
2013.338  5  4  1.51
2013.341  5  5  1.49
2013.344  5  6  1.29
2013.347  5  7  1.21
2013.349  5  8  1.33
2013.352  5  9  1.49
2013.355  5 10  1.47
2013.358  5 11  1.50
2013.360  5 12  1.55
2013.363  5 13  1.71
2013.366  5 14  1.62
2013.368  5 15  1.49
2013.371  5 16  1.74
2013.374  5 17  2.03
2013.377  5 18  2.22
2013.379  5 19  2.03
2013.382  5 20  2.41
2013.385  5 21  2.52
2013.388  5 22  2.19
2013.390  5 23  1.50
2013.393  5 24  1.50
2013.396  5 25  1.71
2013.399  5 26  1.70
2013.401  5 27  1.67
2013.404  5 28  1.64
2013.407  5 29  1.71
2013.410  5 30  1.77
2013.412  5 31  1.69
2013.415  6  1  1.92
2013.418  6  2  1.82
2013.421  6  3  1.76
2013.423  6  4  1.74
2013.426  6  5  1.89
2013.429  6  6  1.76
2013.432  6  7  1.71
2013.434  6  8  1.96
2013.437  6  9  2.02
2013.440  6 10  1.98
2013.442  6 11  2.03
2013.445  6 12  2.00
2013.448  6 13  2.21
2013.451  6 14  2.54
2013.453  6 15  3.21
2013.456  6 16  2.80
2013.459  6 17  2.43
2013.462  6 18  2.63
2013.464  6 19  2.53
2013.467  6 20  2.05
2013.470  6 21  2.96
2013.473  6 22  2.88
2013.475  6 23  2.45
2013.478  6 24  2.75
2013.481  6 25  2.62
2013.484  6 26  2.45
2013.486  6 27  2.71
2013.489  6 28  2.72
2013.492  6 29  2.31
2013.495  6 30  2.04
2013.497  7  1  2.12
2013.500  7  2  2.28
2013.503  7  3  2.12
2013.505  7  4  1.95
2013.508  7  5  1.87
2013.511  7  6  2.31
2013.514  7  7  1.99
2013.516  7  8  2.12
2013.519  7  9  2.08
2013.522  7 10  2.12
2013.525  7 11  2.18
2013.527  7 12  2.61
2013.530  7 13  2.60
2013.533  7 14  2.44
2013.536  7 15  2.33
2013.538  7 16  2.56
2013.541  7 17  2.10
2013.544  7 18  1.93
2013.547  7 19  2.16
2013.549  7 20  2.84
2013.552  7 21  2.90
2013.555  7 22  3.26
2013.558  7 23  2.97
2013.560  7 24  3.04
2013.563  7 25  2.71
2013.566  7 26  2.76
2013.568  7 27  2.97
2013.571  7 28  3.15
2013.574  7 29  2.89
2013.577  7 30  2.17
2013.579  7 31  1.89
2013.582  8  1  1.98
2013.585  8  2  2.11
2013.588  8  3  2.20
2013.590  8  4  2.10
2013.593  8  5  1.97
2013.596  8  6  2.37
2013.599  8  7  2.33
2013.601  8  8  2.07
2013.604  8  9  1.78
2013.607  8 10  1.90
2013.610  8 11  2.21
2013.612  8 12  2.33
2013.615  8 13  2.29
2013.618  8 14  2.33
2013.621  8 15  2.24
2013.623  8 16  2.14
2013.626  8 17  1.99
2013.629  8 18  2.03
2013.632  8 19  2.01
2013.634  8 20  2.27
2013.637  8 21  2.31
2013.640  8 22  2.06
2013.642  8 23  2.77
2013.645  8 24  3.06
2013.648  8 25  2.97
2013.651  8 26  1.98
2013.653  8 27  1.58
2013.656  8 28  1.61
2013.659  8 29  1.75
2013.662  8 30  1.90
2013.664  8 31  1.86
2013.667  9  1  1.91
2013.670  9  2  2.03
2013.673  9  3  2.17
2013.675  9  4  2.14
2013.678  9  5  2.10
2013.681  9  6  2.43
2013.684  9  7  2.59
2013.686  9  8  2.55
2013.689  9  9  2.77
2013.692  9 10  2.81
2013.695  9 11  2.60
2013.697  9 12  2.30
2013.700  9 13  2.20
2013.703  9 14  2.23
2013.705  9 15  2.21
2013.708  9 16  2.38
2013.711  9 17  2.49
2013.714  9 18  2.19
2013.716  9 19  2.24
2013.719  9 20  2.37
2013.722  9 21  2.22
2013.725  9 22  2.24
2013.727  9 23  2.56
2013.730  9 24  2.93
2013.733  9 25  2.86
2013.736  9 26  2.46
2013.738  9 27  2.67
2013.741  9 28  2.82
2013.744  9 29  2.94
2013.747  9 30  2.81
2013.749 10  1  2.77
2013.752 10  2  2.85
2013.755 10  3  3.18
2013.758 10  4  2.80
2013.760 10  5  2.09
2013.763 10  6  2.08
2013.766 10  7  2.08
2013.768 10  8  2.36
2013.771 10  9  2.45
2013.774 10 10  2.43
2013.777 10 11  2.96
2013.779 10 12  3.51
2013.782 10 13  3.59
2013.785 10 14  3.35
2013.788 10 15  3.15
2013.790 10 16  3.03
2013.793 10 17  3.11
2013.796 10 18  2.87
2013.799 10 19  2.98
2013.801 10 20  3.52
2013.804 10 21  3.08
2013.807 10 22  2.37
2013.810 10 23  2.48
2013.812 10 24  2.85
2013.815 10 25  2.57
2013.818 10 26  2.17
2013.821 10 27  2.09
2013.823 10 28  2.04
2013.826 10 29  1.93
2013.829 10 30  1.98
2013.832 10 31  2.16
2013.834 11  1  2.53
2013.837 11  2  2.30
2013.840 11  3  2.31
2013.842 11  4  2.14
2013.845 11  5  1.86
2013.848 11  6  1.85
2013.851 11  7  2.21
2013.853 11  8  2.17
2013.856 11  9  2.42
2013.859 11 10  2.83
2013.862 11 11  2.83
2013.864 11 12  2.33
2013.867 11 13  2.67
2013.870 11 14  2.71
2013.873 11 15  2.10
2013.875 11 16  1.73
2013.878 11 17  1.81
2013.881 11 18  1.62
2013.884 11 19  1.82
2013.886 11 20  1.70
2013.889 11 21  1.74
2013.892 11 22  1.71
2013.895 11 23  1.77
2013.897 11 24  1.88
2013.900 11 25  2.10
2013.903 11 26  2.01
2013.905 11 27  1.50
2013.908 11 28  1.42
2013.911 11 29  1.48
2013.914 11 30  1.54
2013.916 12  1  1.46
2013.919 12  2  1.49
2013.922 12  3  1.55
2013.925 12  4  1.70
2013.927 12  5  1.63
2013.930 12  6  1.70
2013.933 12  7  2.07
2013.936 12  8  2.61
2013.938 12  9  2.70
2013.941 12 10  3.01
2013.944 12 11  2.24
2013.947 12 12  2.07
2013.949 12 13  2.24
2013.952 12 14  2.21
2013.955 12 15  1.73
2013.958 12 16  1.32
2013.960 12 17  1.84
2013.963 12 18  2.39
2013.966 12 19  2.10
2013.968 12 20  1.91
2013.971 12 21  2.18
2013.974 12 22  1.96
2013.977 12 23  1.84
2013.979 12 24  2.10
2013.982 12 25  1.67
2013.985 12 26  1.59
2013.988 12 27  1.64
2013.990 12 28  1.79
2013.993 12 29  2.09
2013.996 12 30  2.00
2013.999 12 31  1.88
2014.001  1  1  2.14
2014.004  1  2  2.28
2014.007  1  3  2.13
2014.010  1  4  2.35
2014.012  1  5  2.08
2014.015  1  6  2.19
2014.018  1  7  1.57
2014.021  1  8  1.61
2014.023  1  9  1.72
2014.026  1 10  1.76
2014.029  1 11  1.70
2014.032  1 12  2.00
2014.034  1 13  2.60
2014.037  1 14  3.00
2014.040  1 15  3.23
2014.042  1 16  2.47
2014.045  1 17  2.15
2014.048  1 18  2.90
2014.051  1 19  3.14
2014.053  1 20  3.06
2014.056  1 21  3.05
2014.059  1 22  2.97
2014.062  1 23  2.52
2014.064  1 24  2.29
2014.067  1 25  2.09
2014.070  1 26  2.33
2014.073  1 27  3.20
2014.075  1 28  3.30
2014.078  1 29  2.73
2014.081  1 30  1.84
2014.084  1 31  2.17
2014.086  2  1  3.21
2014.089  2  2  2.59
2014.092  2  3  2.42
2014.095  2  4  2.30
2014.097  2  5  2.70
2014.100  2  6  2.97
2014.103  2  7  2.44
2014.105  2  8  2.46
2014.108  2  9  2.48
2014.111  2 10  2.12
2014.114  2 11  1.69
2014.116  2 12  1.61
2014.119  2 13  1.61
2014.122  2 14  1.55
2014.125  2 15  1.61
2014.127  2 16  1.83
2014.130  2 17  2.37
2014.133  2 18  2.72
2014.136  2 19  2.48
2014.138  2 20  1.56
2014.141  2 21  1.44
2014.144  2 22  1.73
2014.147  2 23  2.02
2014.149  2 24  1.95
2014.152  2 25  2.62
2014.155  2 26  2.80
2014.158  2 27  2.86
2014.160  2 28  2.65
2014.163  3  1  1.92
2014.166  3  2  1.91
2014.168  3  3  2.07
2014.171  3  4  2.30
2014.174  3  5  2.17
2014.177  3  6  1.56
2014.179  3  7  1.37
2014.182  3  8  1.42
2014.185  3  9  1.55
2014.188  3 10  1.41
2014.190  3 11  1.76
2014.193  3 12  1.70
2014.196  3 13  1.75
2014.199  3 14  1.55
2014.201  3 15  1.40
2014.204  3 16  1.39
2014.207  3 17  1.40
2014.210  3 18  1.75
2014.212  3 19  1.85
2014.215  3 20  1.89
2014.218  3 21  1.74
2014.221  3 22  1.66
2014.223  3 23  1.76
2014.226  3 24  2.12
2014.229  3 25  2.10
2014.232  3 26  2.09
2014.234  3 27  2.43
2014.237  3 28  2.52
2014.240  3 29  2.26
2014.242  3 30  1.93
2014.245  3 31  1.80
2014.248  4  1  2.18
2014.251  4  2  2.15
2014.253  4  3  1.84
2014.256  4  4  1.76
2014.259  4  5  2.31
2014.262  4  6  2.07
2014.264  4  7  2.07
2014.267  4  8  2.49
2014.270  4  9  2.40
2014.273  4 10  1.74
2014.275  4 11  1.62
2014.278  4 12  1.68
2014.281  4 13  1.70
2014.284  4 14  1.88
2014.286  4 15  2.01
2014.289  4 16  1.96
2014.292  4 17  1.85
2014.295  4 18  1.56
2014.297  4 19  1.33
2014.300  4 20  1.48
2014.303  4 21  1.84
2014.305  4 22  2.24
2014.308  4 23  3.01
2014.311  4 24  3.22
2014.314  4 25  3.06
2014.316  4 26  2.58
2014.319  4 27  2.43
2014.322  4 28  2.44
2014.325  4 29  2.75
2014.327  4 30  2.73
2014.330  5  1  2.80
2014.333  5  2  3.02
2014.336  5  3  2.57
2014.338  5  4  2.82
2014.341  5  5  2.94
2014.344  5  6  2.34
2014.347  5  7  1.79
2014.349  5  8  1.72
2014.352  5  9  2.31
2014.355  5 10  2.53
2014.358  5 11  2.53
2014.360  5 12  2.73
2014.363  5 13  2.83
2014.366  5 14  2.42
2014.368  5 15  2.31
2014.440  6 10  2.91
2014.442  6 11  3.17
2014.445  6 12  2.78
2014.448  6 13  2.10
2014.451  6 14  2.12
2014.453  6 15  3.14
2014.456  6 16  3.68
2014.459  6 17  3.20
2014.462  6 18  2.37
2014.464  6 19  2.25
2014.467  6 20  2.21
2014.470  6 21  2.32
2014.473  6 22  2.49
2014.475  6 23  2.50
2014.478  6 24  2.42
2014.481  6 25  2.30
2014.484  6 26  2.16
2014.486  6 27  2.23
2014.489  6 28  2.67
2014.492  6 29  3.15
2014.495  6 30  2.85
2014.497  7  1  2.85
2014.500  7  2  3.07
2014.503  7  3  2.65
2014.505  7  4  2.17
2014.508  7  5  2.39
2014.511  7  6  2.43
2014.514  7  7  2.47
2014.516  7  8  2.39
2014.519  7  9  2.59
2014.522  7 10  2.64
2014.525  7 11  2.41
2014.527  7 12  2.62
2014.530  7 13  2.89
2014.533  7 14  2.64
2014.536  7 15  2.67
2014.538  7 16  3.03
2014.541  7 17  3.29
2014.544  7 18  3.59
2014.547  7 19  3.35
2014.549  7 20  2.91
2014.552  7 21  2.31
2014.555  7 22  2.40
2014.558  7 23  2.91
2014.560  7 24  3.43
2014.563  7 25  3.69
2014.566  7 26  3.38
2014.568  7 27  2.79
2014.571  7 28  2.61
2014.574  7 29  2.67
2014.577  7 30  3.28
2014.579  7 31  2.68
2014.582  8  1  2.57
2014.585  8  2  2.55
2014.588  8  3  2.63
2014.590  8  4  2.49
2014.593  8  5  2.49
2014.596  8  6  3.03
2014.599  8  7  2.92
2014.601  8  8  2.52
2014.604  8  9  2.78
2014.607  8 10  3.33
2014.610  8 11  3.03
2014.612  8 12  2.84
2014.615  8 13  2.83
2014.618  8 14  2.73
2014.621  8 15  2.60
2014.623  8 16  2.38
2014.626  8 17  2.13
2014.629  8 18  2.50
2014.632  8 19  2.65
2014.634  8 20  2.63
2014.637  8 21  2.29
2014.640  8 22  2.35
2014.642  8 23  2.45
2014.645  8 24  2.65
2014.648  8 25  2.78
2014.651  8 26  3.17
2014.653  8 27  2.88
2014.656  8 28  2.89
2014.659  8 29  3.11
2014.662  8 30  2.63
2014.664  8 31  2.70
2014.667  9  1  2.56
2014.670  9  2  2.16
2014.673  9  3  1.96
2014.675  9  4  2.18
2014.678  9  5  2.50
2014.681  9  6  2.46
2014.684  9  7  2.72
2014.686  9  8  3.06
2014.689  9  9  2.49
2014.692  9 10  2.23
2014.695  9 11  2.41
2014.697  9 12  2.71
2014.700  9 13  2.75
2014.703  9 14  3.07
2014.705  9 15  3.12
2014.708  9 16  2.91
2014.711  9 17  3.38
2014.714  9 18  3.32
2014.716  9 19  3.61
2014.719  9 20  3.34
2014.722  9 21  2.74
2014.725  9 22  2.41
2014.727  9 23  2.21
2014.730  9 24  2.57
2014.733  9 25  2.61
2014.736  9 26  1.85
2014.738  9 27  1.64
2014.741  9 28  2.23
2014.744  9 29  2.29
2014.747  9 30  2.17
2014.749 10  1  2.00
2014.752 10  2  2.23
2014.755 10  3  2.29
2014.758 10  4  2.37
2014.760 10  5  3.52
2014.763 10  6  2.81
2014.766 10  7  2.34
2014.768 10  8  2.76
2014.771 10  9  2.72
2014.774 10 10  2.33
2014.777 10 11  1.95
2014.779 10 12  1.77
2014.782 10 13  1.77
2014.785 10 14  2.23
2014.788 10 15  2.21
2014.790 10 16  2.37
2014.793 10 17  3.30
2014.796 10 18  3.24
2014.799 10 19  3.10
2014.801 10 20  2.45
2014.804 10 21  1.97
2014.807 10 22  1.53
2014.810 10 23  1.61
2014.812 10 24  1.69
2014.815 10 25  1.81
2014.818 10 26  1.60
2014.821 10 27  1.48
2014.823 10 28  1.44
2014.826 10 29  1.68
2014.829 10 30  2.13
2014.832 10 31  2.75
2014.834 11  1  2.58
2014.837 11  2  2.54
2014.840 11  3  2.31
2014.842 11  4  2.39
2014.845 11  5  2.29
2014.848 11  6  2.59
2014.851 11  7  2.24
2014.853 11  8  2.30
2014.856 11  9  2.39
2014.859 11 10  2.41
2014.862 11 11  2.68
2014.864 11 12  2.96
2014.867 11 13  2.82
2014.870 11 14  2.89
2014.873 11 15  2.92
2014.875 11 16  3.02
2014.878 11 17  3.61
2014.881 11 18  3.60
2014.884 11 19  3.14
2014.886 11 20  3.13
2014.889 11 21  3.32
2014.892 11 22  3.35
2014.895 11 23  3.34
2014.897 11 24  3.08
2014.900 11 25  2.56
2014.903 11 26  2.44
2014.905 11 27  2.94
2014.908 11 28  3.63
2014.911 11 29  3.49
2014.914 11 30  3.13
2014.916 12  1  3.50
2014.919 12  2  3.31
2014.922 12  3  2.56
2014.925 12  4  2.37
2014.927 12  5  2.67
2014.930 12  6  2.28
2014.933 12  7  1.79
2014.936 12  8  2.17
2014.938 12  9  2.25
2014.941 12 10  1.38
2014.944 12 11  0.91
2014.947 12 12  1.21
2014.949 12 13  1.73
2014.952 12 14  1.70
2014.955 12 15  1.29
2014.958 12 16  1.10
2014.960 12 17  1.21
2014.963 12 18  1.25
2014.966 12 19  1.31
2014.968 12 20  1.49
2014.971 12 21  1.63
2014.974 12 22  1.65
2014.977 12 23  1.86
2014.979 12 24  2.31
2014.982 12 25  2.39
2014.985 12 26  2.13
2014.988 12 27  1.96
2014.990 12 28  1.99
2014.993 12 29  2.13
2014.996 12 30  2.06
2014.999 12 31  2.08
2015.001  1  1  2.40
2015.004  1  2  1.86
2015.007  1  3  1.38
2015.010  1  4  1.55
2015.012  1  5  1.81
2015.015  1  6  1.73
2015.018  1  7  1.99
2015.021  1  8  2.05
2015.023  1  9  2.18
2015.026  1 10  1.76
2015.029  1 11  1.51
2015.032  1 12  1.48
2015.034  1 13  1.44
2015.037  1 14  1.78
2015.040  1 15  1.88
2015.042  1 16  1.50
2015.045  1 17  1.53
2015.048  1 18  1.51
2015.051  1 19  1.62
2015.053  1 20  1.94
2015.056  1 21  2.51
2015.059  1 22  2.17
2015.062  1 23  1.97
2015.064  1 24  1.74
2015.067  1 25  1.78
2015.070  1 26  1.40
2015.073  1 27  1.16
2015.075  1 28  1.04
2015.078  1 29  1.16
2015.081  1 30  1.83
2015.084  1 31  2.31
2015.086  2  1  2.01
2015.089  2  2  2.13
2015.092  2  3  2.37
2015.095  2  4  2.22
2015.097  2  5  1.79
2015.100  2  6  1.95
2015.103  2  7  2.13
2015.105  2  8  2.25
2015.108  2  9  1.35
2015.111  2 10  0.82
2015.114  2 11  0.63
2015.116  2 12  1.18
2015.119  2 13  1.54
2015.122  2 14  1.53
2015.125  2 15  1.69
2015.127  2 16  1.78
2015.130  2 17  2.47
2015.133  2 18  1.92
2015.136  2 19  1.19
2015.138  2 20  1.16
2015.141  2 21  1.34
2015.144  2 22  1.73
2015.147  2 23  1.81
2015.149  2 24  1.79
2015.152  2 25  1.62
2015.155  2 26  1.34
2015.158  2 27  1.02
2015.160  2 28  1.04
2015.163  3  1  0.91
2015.166  3  2  0.90
2015.168  3  3  1.14
2015.171  3  4  1.39
2015.174  3  5  1.41
2015.177  3  6  1.09
2015.179  3  7  0.50
2015.182  3  8  0.63
2015.185  3  9  1.06
2015.188  3 10  1.42
2015.190  3 11  2.26
2015.193  3 12  2.30
2015.196  3 13  2.04
2015.199  3 14  2.38
2015.201  3 15  2.39
2015.204  3 16  2.44
2015.207  3 17  2.31
2015.210  3 18  2.66
2015.212  3 19  3.63
2015.215  3 20  3.67
2015.218  3 21  2.28
2015.221  3 22  1.90
2015.223  3 23  1.87
2015.226  3 24  1.65
2015.229  3 25  1.50
2015.232  3 26  1.66
2015.234  3 27  2.26
2015.237  3 28  1.86
2015.240  3 29  1.37
2015.242  3 30  1.25
2015.245  3 31  1.20
2015.248  4  1  1.25
2015.251  4  2  1.98
2015.253  4  3  2.51
2015.256  4  4  2.11
2015.259  4  5  1.59
2015.262  4  6  1.57
2015.264  4  7  1.20
2015.267  4  8  1.25
2015.270  4  9  1.13
2015.273  4 10  1.31
2015.275  4 11  1.49
2015.278  4 12  1.41
2015.281  4 13  1.30
2015.284  4 14  1.59
2015.286  4 15  1.56
2015.289  4 16  1.49
2015.292  4 17  1.66
2015.295  4 18  2.27
2015.297  4 19  2.50
2015.300  4 20  2.17
2015.303  4 21  1.89
2015.305  4 22  1.80
2015.308  4 23  2.16
2015.311  4 24  2.20
2015.314  4 25  1.79
2015.316  4 26  1.76
2015.319  4 27  1.73
2015.322  4 28  1.65
2015.325  4 29  1.62
2015.327  4 30  1.66
2015.330  5  1  1.81
2015.333  5  2  1.77
2015.336  5  3  2.07
2015.338  5  4  2.56
2015.341  5  5  2.36
2015.344  5  6  1.86
2015.347  5  7  1.53
2015.349  5  8  1.96
2015.352  5  9  2.13
2015.355  5 10  2.21
2015.358  5 11  2.09
2015.360  5 12  2.06
2015.363  5 13  2.53
2015.366  5 14  2.88
2015.368  5 15  2.63
2015.371  5 16  2.22
2015.374  5 17  2.11
2015.377  5 18  1.83
2015.379  5 19  2.05
2015.382  5 20  2.28
2015.385  5 21  1.96
2015.388  5 22  1.68
2015.390  5 23  1.77
2015.451  6 14  2.37
2015.453  6 15  2.62
2015.456  6 16  2.61
2015.459  6 17  2.05
2015.462  6 18  1.68
2015.464  6 19  1.91
2015.467  6 20  2.00
2015.470  6 21  2.06
2015.473  6 22  1.98
2015.475  6 23  2.12
2015.478  6 24  2.51
2015.481  6 25  2.50
2015.484  6 26  2.65
2015.486  6 27  2.35
2015.489  6 28  2.51
2015.492  6 29  2.82
2015.495  6 30  2.73
2015.497  7  1  2.58
2015.500  7  2  2.84
2015.503  7  3  2.75
2015.505  7  4  2.80
2015.508  7  5  3.47
2015.511  7  6  3.35
2015.514  7  7  2.99
2015.516  7  8  3.50
2015.519  7  9  2.89
2015.522  7 10  2.53
2015.525  7 11  2.81
2015.527  7 12  3.13
2015.530  7 13  2.92
2015.533  7 14  2.92
2015.536  7 15  3.12
2015.538  7 16  2.75
2015.541  7 17  2.99
2015.544  7 18  2.63
2015.547  7 19  2.54
2015.549  7 20  2.83
2015.552  7 21  3.74
2015.555  7 22  3.29
2015.558  7 23  2.69
2015.560  7 24  2.21
2015.563  7 25  2.34
2015.566  7 26  2.47
2015.568  7 27  2.58
2015.571  7 28  2.41
2015.574  7 29  2.50
2015.577  7 30  2.75
2015.579  7 31  2.64
2015.582  8  1  2.56
2015.585  8  2  2.98
2015.588  8  3  3.33
2015.590  8  4  3.01
2015.593  8  5  2.08
2015.596  8  6  1.94
2015.599  8  7  2.10
2015.601  8  8  2.41
2015.604  8  9  2.70
2015.607  8 10  2.38
2015.610  8 11  2.48
2015.612  8 12  2.34
2015.615  8 13  1.88
2015.618  8 14  1.91
2015.621  8 15  2.50
2015.623  8 16  2.74
2015.626  8 17  2.50
2015.629  8 18  2.97
2015.632  8 19  2.90
2015.634  8 20  2.43
2015.637  8 21  2.62
2015.640  8 22  2.79
2015.642  8 23  2.61
2015.645  8 24  2.83
2015.648  8 25  2.76
2015.651  8 26  2.35
2015.653  8 27  2.25
2015.656  8 28  2.29
2015.659  8 29  2.21
2015.662  8 30  2.54
2015.664  8 31  2.95
2015.667  9  1  2.87
2015.670  9  2  2.80
2015.673  9  3  1.92
2015.675  9  4  1.72
2015.678  9  5  2.01
2015.681  9  6  2.02
2015.684  9  7  2.15
2015.686  9  8  2.37
2015.689  9  9  2.38
2015.692  9 10  2.30
2015.695  9 11  2.35
2015.697  9 12  1.85
2015.700  9 13  2.21
2015.703  9 14  3.16
2015.705  9 15  2.79
2015.708  9 16  2.15
2015.711  9 17  2.32
2015.714  9 18  2.66
2015.716  9 19  2.26
2015.719  9 20  2.49
2015.722  9 21  2.15
2015.725  9 22  2.05
2015.727  9 23  1.97
2015.730  9 24  2.03
2015.733  9 25  1.83
2015.736  9 26  1.79
2015.738  9 27  2.05
2015.741  9 28  2.64
2015.744  9 29  2.26
2015.747  9 30  1.71
2015.749 10  1  1.59
2015.752 10  2  1.64
2015.755 10  3  1.80
2015.758 10  4  2.08
2015.760 10  5  2.10
2015.763 10  6  2.59
2015.766 10  7  3.01
2015.768 10  8  2.87
2015.771 10  9  2.64
2015.774 10 10  2.59
2015.777 10 11  2.29
2015.779 10 12  2.14
2015.782 10 13  2.54
2015.785 10 14  2.47
2015.788 10 15  2.11
2015.790 10 16  1.97
2015.793 10 17  2.05
2015.796 10 18  2.21
2015.799 10 19  2.43
2015.801 10 20  2.17
2015.804 10 21  2.45
2015.807 10 22  2.04
2015.810 10 23  1.85
2015.812 10 24  1.98
2015.815 10 25  2.47
2015.818 10 26  2.67
2015.821 10 27  2.26
2015.823 10 28  2.73
2015.826 10 29  3.31
2015.829 10 30  2.66
2015.832 10 31  3.02
2015.834 11  1  2.99
2015.837 11  2  2.76
2015.840 11  3  2.96
2015.842 11  4  2.94
2015.845 11  5  3.13
2015.848 11  6  2.78
2015.851 11  7  2.21
2015.853 11  8  2.16
2015.856 11  9  2.14
2015.859 11 10  1.91
2015.862 11 11  1.82
2015.864 11 12  2.03
2015.867 11 13  2.30
2015.870 11 14  1.87
2015.873 11 15  2.32
2015.875 11 16  2.54
2015.878 11 17  2.14
2015.881 11 18  2.44
2015.884 11 19  2.52
2015.886 11 20  2.25
2015.889 11 21  2.11
2015.892 11 22  2.26
2015.895 11 23  2.20
2015.897 11 24  1.73
2015.900 11 25  1.37
2015.903 11 26  1.33
2015.905 11 27  1.29
2015.908 11 28  1.15
2015.911 11 29  0.97
2015.914 11 30  0.67
2015.916 12  1  1.19
2015.919 12  2  1.66
2015.922 12  3  1.27
2015.925 12  4  1.02
2015.927 12  5  0.60
2015.930 12  6  0.63
2015.933 12  7  1.23
2015.936 12  8  1.86
2015.938 12  9  1.73
2015.941 12 10  1.64
2015.944 12 11  1.62
2015.947 12 12  1.92
2015.949 12 13  2.12
2015.952 12 14  2.27
2015.955 12 15  2.16
2015.958 12 16  1.80
2015.960 12 17  1.78
2015.963 12 18  1.61
2015.966 12 19  1.66
2015.968 12 20  1.71
2015.971 12 21  1.72
2015.974 12 22  1.86
2015.977 12 23  1.63
2015.979 12 24  1.91
2015.982 12 25  1.90
2015.985 12 26  2.10
2015.988 12 27  2.14
2015.990 12 28  1.98
2015.993 12 29  1.88
2015.996 12 30  2.03
2015.999 12 31  2.02
2016.001  1  1  2.60
2016.004  1  2  2.56
2016.007  1  3  2.79
2016.010  1  4  3.53
2016.012  1  5  3.34
2016.015  1  6  2.48
2016.018  1  7  2.89
2016.020  1  8  2.82
2016.023  1  9  2.66
2016.026  1 10  2.95
2016.029  1 11  3.27
2016.031  1 12  3.17
2016.034  1 13  2.55
2016.037  1 14  2.31
2016.040  1 15  2.67
2016.042  1 16  3.29
2016.045  1 17  2.76
2016.048  1 18  2.50
2016.051  1 19  2.53
2016.053  1 20  2.67
2016.056  1 21  1.91
2016.059  1 22  1.62
2016.061  1 23  1.53
2016.064  1 24  2.20
2016.067  1 25  2.27
2016.070  1 26  1.86
2016.072  1 27  1.55
2016.075  1 28  1.47
2016.078  1 29  1.46
2016.081  1 30  1.46
2016.083  1 31  1.54
2016.086  2  1  1.72
2016.089  2  2  1.50
2016.092  2  3  2.36
2016.094  2  4  3.45
2016.097  2  5  2.41
2016.100  2  6  1.32
2016.102  2  7  1.45
2016.105  2  8  1.53
2016.108  2  9  1.56
2016.111  2 10  1.70
2016.113  2 11  2.07
2016.116  2 12  2.23
2016.119  2 13  1.74
2016.122  2 14  1.52
2016.124  2 15  1.76
2016.127  2 16  2.07
2016.130  2 17  1.42
2016.133  2 18  1.19
2016.135  2 19  1.59
2016.138  2 20  1.58
2016.141  2 21  1.29
2016.143  2 22  1.29
2016.146  2 23  1.44
2016.149  2 24  1.44
2016.152  2 25  1.82
2016.154  2 26  2.26
2016.157  2 27  2.36
2016.160  2 28  2.18
2016.163  2 29  1.49
2016.165  3  1  1.03
2016.168  3  2  1.20
2016.171  3  3  1.83
2016.173  3  4  1.85
2016.176  3  5  1.69
2016.179  3  6  1.40
2016.182  3  7  1.10
2016.184  3  8  1.20
2016.187  3  9  1.41
2016.190  3 10  1.73
2016.193  3 11  1.33
2016.195  3 12  1.47
2016.198  3 13  1.51
2016.201  3 14  1.62
2016.204  3 15  1.42
2016.206  3 16  1.73
2016.209  3 17  1.88
2016.212  3 18  3.18
2016.214  3 19  2.90
2016.217  3 20  2.24
2016.220  3 21  1.57
2016.223  3 22  1.80
2016.225  3 23  2.10
2016.228  3 24  1.55
2016.231  3 25  1.31
2016.234  3 26  1.34
2016.236  3 27  1.32
2016.239  3 28  1.25
2016.242  3 29  1.34
2016.245  3 30  1.74
2016.247  3 31  2.40
2016.250  4  1  2.33
2016.253  4  2  2.25
2016.255  4  3  1.95
2016.258  4  4  1.58
2016.261  4  5  1.50
2016.264  4  6  1.84
2016.266  4  7  2.68
2016.269  4  8  2.95
2016.272  4  9  2.69
2016.275  4 10  2.65
2016.277  4 11  2.77
2016.280  4 12  2.76
2016.283  4 13  3.20
2016.286  4 14  2.96
2016.288  4 15  2.11
2016.291  4 16  1.82
2016.294  4 17  2.05
2016.296  4 18  1.99
2016.299  4 19  2.17
2016.302  4 20  2.40
2016.305  4 21  2.55
2016.307  4 22  2.33
2016.310  4 23  2.09
2016.313  4 24  2.24
2016.316  4 25  2.23
2016.318  4 26  2.13
2016.321  4 27  2.02
2016.324  4 28  2.25
2016.327  4 29  2.11
2016.329  4 30  1.90
2016.332  5  1  1.75
2016.335  5  2  2.14
2016.337  5  3  2.09
2016.340  5  4  2.43
2016.343  5  5  2.16
2016.346  5  6  1.57
2016.348  5  7  1.74
2016.351  5  8  1.59
2016.354  5  9  1.64
2016.357  5 10  1.77
2016.359  5 11  1.64
2016.362  5 12  1.84
2016.365  5 13  2.08
2016.367  5 14  1.98
2016.370  5 15  2.02
2016.373  5 16  2.18
2016.376  5 17  1.99
2016.378  5 18  1.74
2016.381  5 19  1.68
2016.384  5 20  1.91
2016.444  6 11  2.54
2016.447  6 12  2.17
2016.449  6 13  1.81
2016.452  6 14  2.47
2016.455  6 15  2.44
2016.458  6 16  2.22
2016.460  6 17  2.12
2016.463  6 18  1.94
2016.466  6 19  1.91
2016.469  6 20  2.01
2016.471  6 21  2.11
2016.474  6 22  2.63
2016.477  6 23  3.36
2016.480  6 24  3.22
2016.482  6 25  3.14
2016.485  6 26  2.25
2016.488  6 27  2.59
2016.490  6 28  2.53
2016.493  6 29  2.42
2016.496  6 30  2.49
2016.499  7  1  2.52
2016.501  7  2  2.55
2016.504  7  3  2.35
2016.507  7  4  2.11
2016.510  7  5  2.42
2016.512  7  6  2.19
2016.515  7  7  2.13
2016.518  7  8  1.76
2016.520  7  9  1.65
2016.523  7 10  2.03
2016.526  7 11  2.30
2016.529  7 12  2.27
2016.531  7 13  2.01
2016.534  7 14  2.30
2016.537  7 15  2.56
2016.540  7 16  2.23
2016.542  7 17  2.02
2016.545  7 18  2.04
2016.548  7 19  2.05
2016.551  7 20  2.12
2016.553  7 21  2.11
2016.556  7 22  2.25
2016.559  7 23  2.91
2016.561  7 24  2.66
2016.564  7 25  2.60
2016.567  7 26  2.84
2016.570  7 27  2.70
2016.572  7 28  2.85
2016.575  7 29  3.04
2016.578  7 30  2.60
2016.581  7 31  2.22
2016.583  8  1  2.02
2016.586  8  2  1.87
2016.589  8  3  1.58
2016.592  8  4  1.81
2016.594  8  5  1.84
2016.597  8  6  1.86
2016.600  8  7  2.21
2016.602  8  8  1.91
2016.605  8  9  1.98
2016.608  8 10  2.00
2016.611  8 11  2.11
2016.613  8 12  2.08
2016.616  8 13  2.10
2016.619  8 14  2.01
2016.622  8 15  2.09
2016.624  8 16  1.98
2016.627  8 17  2.07
2016.630  8 18  2.36
2016.633  8 19  3.14
2016.635  8 20  3.14
2016.638  8 21  2.33
2016.641  8 22  1.86
2016.643  8 23  1.75
2016.646  8 24  1.71
2016.649  8 25  1.89
2016.652  8 26  2.28
2016.654  8 27  2.51
2016.657  8 28  2.22
2016.660  8 29  2.17
2016.663  8 30  2.10
2016.665  8 31  2.42
2016.668  9  1  2.54
2016.671  9  2  2.27
2016.673  9  3  1.92
2016.676  9  4  1.92
2016.679  9  5  2.18
2016.682  9  6  2.33
2016.684  9  7  2.21
2016.687  9  8  2.09
2016.690  9  9  1.82
2016.693  9 10  1.96
2016.695  9 11  1.63
2016.698  9 12  1.96
2016.701  9 13  1.94
2016.704  9 14  1.77
2016.706  9 15  1.79
2016.709  9 16  1.83
2016.712  9 17  1.99
2016.714  9 18  1.70
2016.717  9 19  1.56
2016.720  9 20  1.43
2016.723  9 21  1.43
2016.725  9 22  1.28
2016.728  9 23  1.44
2016.731  9 24  1.42
2016.734  9 25  1.47
2016.736  9 26  1.68
2016.739  9 27  1.94
2016.742  9 28  2.05
2016.745  9 29  1.88
2016.747  9 30  1.80
2016.750 10  1  2.19
2016.753 10  2  2.45
2016.755 10  3  2.69
2016.758 10  4  2.92
2016.761 10  5  2.45
2016.764 10  6  2.66
2016.766 10  7  3.42
2016.769 10  8  3.31
2016.772 10  9  3.17
2016.775 10 10  3.77
2016.777 10 11  3.54
2016.780 10 12  2.70
2016.783 10 13  2.14
2016.786 10 14  2.64
2016.788 10 15  3.15
2016.791 10 16  3.16
2016.794 10 17  2.42
2016.796 10 18  2.31
2016.799 10 19  2.54
2016.802 10 20  2.43
2016.805 10 21  2.34
2016.807 10 22  2.04
2016.810 10 23  2.11
2016.813 10 24  2.58
2016.816 10 25  2.31
2016.818 10 26  1.76
2016.821 10 27  1.75
2016.824 10 28  2.04
2016.827 10 29  2.24
2016.829 10 30  2.44
2016.832 10 31  2.93
2016.835 11  1  2.86
2016.837 11  2  2.14
2016.840 11  3  2.23
2016.843 11  4  2.65
2016.846 11  5  2.49
2016.848 11  6  1.99
2016.851 11  7  1.86
2016.854 11  8  2.37
2016.857 11  9  2.85
2016.859 11 10  2.95
2016.862 11 11  2.20
2016.865 11 12  2.03
2016.867 11 13  2.01
2016.870 11 14  1.82
2016.873 11 15  1.58
2016.876 11 16  1.52
2016.878 11 17  1.48
2016.881 11 18  2.14
2016.884 11 19  2.38
2016.887 11 20  1.74
2016.889 11 21  1.45
2016.892 11 22  1.58
2016.895 11 23  1.76
2016.898 11 24  1.95
2016.900 11 25  1.83
2016.903 11 26  1.92
2016.906 11 27  2.03
2016.908 11 28  1.94
2016.911 11 29  1.64
2016.914 11 30  1.46
2016.917 12  1  1.45
2016.919 12  2  1.49
2016.922 12  3  1.56
2016.925 12  4  1.78
2016.928 12  5  2.03
2016.930 12  6  2.17
2016.933 12  7  2.24
2016.936 12  8  2.61
2016.939 12  9  2.41
2016.941 12 10  2.10
2016.944 12 11  2.04
2016.947 12 12  2.40
2016.949 12 13  2.46
2016.952 12 14  2.15
2016.955 12 15  2.38
2016.958 12 16  2.35
2016.960 12 17  2.43
2016.963 12 18  2.17
2016.966 12 19  1.83
2016.969 12 20  1.98
2016.971 12 21  1.69
2016.974 12 22  1.32
2016.977 12 23  1.45
2016.980 12 24  1.28
2016.982 12 25  1.51
2016.985 12 26  1.27
2016.988 12 27  1.50
2016.990 12 28  1.72
2016.993 12 29  1.88
2016.996 12 30  1.86
2016.999 12 31  1.82
2017.001  1  1  2.15
2017.004  1  2  2.40
2017.007  1  3  1.90
2017.010  1  4  2.08
2017.012  1  5  2.32
2017.015  1  6  1.92
2017.018  1  7  2.02
2017.021  1  8  2.02
2017.023  1  9  2.16
2017.026  1 10  2.09
2017.029  1 11  1.88
2017.032  1 12  1.42
2017.034  1 13  1.69
2017.037  1 14  1.97
2017.040  1 15  1.82
2017.042  1 16  1.05
2017.045  1 17  1.04
2017.048  1 18  1.11
2017.051  1 19  1.25
2017.053  1 20  1.40
2017.056  1 21  1.96
2017.059  1 22  2.20
2017.062  1 23  1.74
2017.064  1 24  1.56
2017.067  1 25  1.41
2017.070  1 26  1.28
2017.073  1 27  1.42
2017.075  1 28  1.67
2017.078  1 29  1.73
2017.081  1 30  2.22
2017.084  1 31  2.55
2017.086  2  1  1.97
2017.089  2  2  1.74
2017.092  2  3  2.00
2017.095  2  4  1.82
2017.097  2  5  1.76
2017.100  2  6  2.18
2017.103  2  7  2.17
2017.105  2  8  2.14
2017.108  2  9  2.69
2017.111  2 10  2.71
2017.114  2 11  2.01
2017.116  2 12  1.50
2017.119  2 13  1.91
2017.122  2 14  2.45
2017.125  2 15  2.03
2017.127  2 16  1.53
2017.130  2 17  1.78
2017.133  2 18  2.23
2017.136  2 19  2.41
2017.138  2 20  2.15
2017.141  2 21  2.13
2017.144  2 22  2.27
2017.147  2 23  2.66
2017.149  2 24  2.75
2017.152  2 25  1.72
2017.155  2 26  1.38
2017.158  2 27  1.77
2017.160  2 28  1.89
2017.163  3  1  1.72
2017.166  3  2  1.57
2017.168  3  3  1.60
2017.171  3  4  1.84
2017.174  3  5  2.31
2017.177  3  6  2.25
2017.179  3  7  2.08
2017.182  3  8  1.89
2017.185  3  9  1.57
2017.188  3 10  1.62
2017.190  3 11  1.73
2017.193  3 12  1.70
2017.196  3 13  1.47
2017.199  3 14  1.39
2017.201  3 15  1.47
2017.204  3 16  1.90
2017.207  3 17  1.69
2017.210  3 18  1.87
2017.212  3 19  1.65
2017.215  3 20  1.54
2017.218  3 21  1.73
2017.221  3 22  1.97
2017.223  3 23  2.10
2017.226  3 24  2.15
2017.229  3 25  2.01
2017.232  3 26  1.95
2017.234  3 27  2.28
2017.237  3 28  2.44
2017.240  3 29  2.30
2017.242  3 30  2.07
2017.245  3 31  1.65
2017.248  4  1  1.66
2017.251  4  2  1.90
2017.253  4  3  1.99
2017.256  4  4  1.77
2017.259  4  5  1.45
2017.262  4  6  1.56
2017.264  4  7  1.75
2017.267  4  8  1.82
2017.270  4  9  1.78
2017.273  4 10  1.66
2017.275  4 11  1.63
2017.278  4 12  2.32
2017.281  4 13  2.81
2017.284  4 14  2.76
2017.286  4 15  2.89
2017.289  4 16  2.67
2017.292  4 17  2.53
2017.295  4 18  2.81
2017.297  4 19  2.33
2017.300  4 20  1.76
2017.303  4 21  2.05
2017.305  4 22  2.29
2017.308  4 23  2.27
2017.311  4 24  1.69
2017.314  4 25  1.45
2017.316  4 26  1.42
2017.319  4 27  1.39
2017.322  4 28  1.93
2017.325  4 29  2.55
2017.327  4 30  2.99
2017.330  5  1  2.95
2017.333  5  2  2.67
2017.336  5  3  2.10
2017.338  5  4  1.70
2017.341  5  5  2.23
2017.344  5  6  3.03
2017.347  5  7  2.79
2017.349  5  8  3.06
2017.352  5  9  2.82
2017.355  5 10  2.13
2017.358  5 11  1.81
2017.360  5 12  1.75
2017.363  5 13  1.67
2017.366  5 14  1.50
2017.368  5 15  1.62
2017.371  5 16  1.61
2017.374  5 17  1.61
2017.451  6 14  2.30
2017.453  6 15  2.74
2017.456  6 16  2.86
2017.459  6 17  2.98
2017.462  6 18  2.25
2017.464  6 19  2.20
2017.467  6 20  2.87
2017.470  6 21  3.09
2017.473  6 22  2.73
2017.475  6 23  2.72
2017.478  6 24  2.49
2017.481  6 25  1.67
2017.484  6 26  1.53
2017.486  6 27  2.19
2017.489  6 28  2.90
2017.492  6 29  2.83
2017.495  6 30  3.21
2017.497  7  1  3.08
2017.500  7  2  2.52
2017.503  7  3  2.28
2017.505  7  4  2.43
2017.508  7  5  2.29
2017.511  7  6  2.19
2017.514  7  7  2.49
2017.516  7  8  2.71
2017.519  7  9  2.26
2017.522  7 10  2.13
2017.525  7 11  2.27
2017.527  7 12  2.30
2017.530  7 13  2.73
2017.533  7 14  2.76
2017.536  7 15  2.83
2017.538  7 16  2.51
2017.541  7 17  2.17
2017.544  7 18  2.87
2017.547  7 19  3.74
2017.549  7 20  3.10
2017.552  7 21  2.46
2017.555  7 22  2.63
2017.558  7 23  2.56
2017.560  7 24  2.57
2017.563  7 25  2.96
2017.566  7 26  2.84
2017.568  7 27  2.30
2017.571  7 28  2.11
2017.574  7 29  2.63
2017.577  7 30  2.77
2017.579  7 31  2.38
2017.582  8  1  2.38
2017.585  8  2  2.86
2017.588  8  3  2.96
2017.590  8  4  2.46
2017.593  8  5  2.63
2017.596  8  6  3.03
2017.599  8  7  2.76
2017.601  8  8  2.34
2017.604  8  9  2.69
2017.607  8 10  2.55
2017.610  8 11  2.30
2017.612  8 12  2.27
2017.615  8 13  2.51
2017.618  8 14  2.30
2017.621  8 15  2.08
2017.623  8 16  2.06
2017.626  8 17  2.15
2017.629  8 18  2.10
2017.632  8 19  2.25
2017.634  8 20  2.38
2017.637  8 21  2.32
2017.640  8 22  2.02
2017.642  8 23  2.44
2017.645  8 24  2.73
2017.648  8 25  2.78
2017.651  8 26  2.41
2017.653  8 27  2.34
2017.656  8 28  2.51
2017.659  8 29  2.21
2017.662  8 30  1.88
2017.664  8 31  2.04
2017.667  9  1  2.28
2017.670  9  2  2.61
2017.673  9  3  2.80
2017.675  9  4  3.14
2017.678  9  5  3.85
2017.681  9  6  3.07
2017.684  9  7  2.84
2017.686  9  8  2.93
2017.689  9  9  2.60
2017.692  9 10  1.89
2017.695  9 11  1.56
2017.697  9 12  1.96
2017.700  9 13  2.45
2017.703  9 14  2.12
2017.705  9 15  1.81
2017.708  9 16  1.97
2017.711  9 17  2.27
2017.714  9 18  2.31
2017.716  9 19  2.39
2017.719  9 20  2.54
2017.722  9 21  2.21
2017.725  9 22  2.08
2017.727  9 23  1.97
2017.730  9 24  1.74
2017.733  9 25  1.65
2017.736  9 26  1.74
2017.738  9 27  2.01
2017.741  9 28  2.16
2017.744  9 29  2.23
2017.747  9 30  2.04
2017.749 10  1  2.12
2017.752 10  2  2.32
2017.755 10  3  2.19
2017.758 10  4  2.04
2017.760 10  5  1.87
2017.763 10  6  1.97
2017.766 10  7  2.32
2017.768 10  8  2.44
2017.771 10  9  2.38
2017.774 10 10  2.31
2017.777 10 11  2.09
2017.779 10 12  2.02
2017.782 10 13  2.15
2017.785 10 14  1.94
2017.788 10 15  2.17
2017.790 10 16  2.39
2017.793 10 17  2.53
2017.796 10 18  2.71
2017.799 10 19  2.84
2017.801 10 20  2.69
2017.804 10 21  2.65
2017.807 10 22  2.64
2017.810 10 23  2.52
2017.812 10 24  2.20
2017.815 10 25  1.96
2017.818 10 26  1.87
2017.821 10 27  1.95
2017.823 10 28  2.00
2017.826 10 29  2.76
2017.829 10 30  3.29
2017.832 10 31  3.47
2017.834 11  1  2.79
2017.837 11  2  2.66
2017.840 11  3  2.28
2017.842 11  4  2.30
2017.845 11  5  2.59
2017.848 11  6  2.40
2017.851 11  7  2.57
2017.853 11  8  2.52
2017.856 11  9  1.68
2017.859 11 10  1.56
2017.862 11 11  2.05
2017.864 11 12  2.64
2017.867 11 13  2.35
2017.870 11 14  1.91
2017.873 11 15  2.50
2017.875 11 16  2.95
2017.878 11 17  1.84
2017.881 11 18  1.63
2017.884 11 19  2.08
2017.886 11 20  2.60
2017.889 11 21  2.90
2017.892 11 22  2.47
2017.895 11 23  1.62
2017.897 11 24  0.95
2017.900 11 25  0.85
2017.903 11 26  1.15
2017.905 11 27  1.60
2017.908 11 28  2.34
2017.911 11 29  2.75
2017.914 11 30  2.57
2017.916 12  1  2.69
2017.919 12  2  2.65
2017.922 12  3  2.05
2017.925 12  4  1.94
2017.927 12  5  2.62
2017.930 12  6  2.70
2017.933 12  7  2.08
2017.936 12  8  1.96
2017.938 12  9  2.54
2017.941 12 10  2.39
2017.944 12 11  2.14
2017.947 12 12  2.25
2017.949 12 13  2.01
2017.952 12 14  1.83
2017.955 12 15  1.91
2017.958 12 16  1.89
2017.960 12 17  1.86
2017.963 12 18  1.83
2017.966 12 19  1.84
2017.968 12 20  1.86
2017.971 12 21  2.47
2017.974 12 22  2.95
2017.977 12 23  2.56
2017.979 12 24  2.64
2017.982 12 25  2.73
2017.985 12 26  2.67
2017.988 12 27  2.30
2017.990 12 28  2.07
2017.993 12 29  2.26
2017.996 12 30  2.88
2017.999 12 31  2.79
2018.001  1  1  2.01
2018.004  1  2  2.04
2018.007  1  3  2.36
2018.010  1  4  1.99
2018.012  1  5  1.96
2018.015  1  6  2.65
2018.018  1  7  3.11
2018.021  1  8  3.20
2018.023  1  9  2.94
2018.026  1 10  2.50
2018.029  1 11  2.39
2018.032  1 12  2.52
2018.034  1 13  2.95
2018.037  1 14  2.54
2018.040  1 15  2.17
2018.042  1 16  1.87
2018.045  1 17  1.99
2018.048  1 18  2.26
2018.051  1 19  1.82
2018.053  1 20  1.20
2018.056  1 21  1.32
2018.059  1 22  1.82
2018.062  1 23  1.91
2018.064  1 24  1.81
2018.067  1 25  1.47
2018.070  1 26  1.58
2018.073  1 27  1.99
2018.075  1 28  1.65
2018.078  1 29  1.72
2018.081  1 30  2.12
2018.084  1 31  2.49
2018.086  2  1  2.33
2018.089  2  2  2.57
2018.092  2  3  2.30
2018.095  2  4  2.13
2018.097  2  5  1.73
2018.100  2  6  1.76
2018.103  2  7  1.68
2018.105  2  8  1.07
2018.108  2  9  0.96
2018.111  2 10  1.24
2018.114  2 11  1.06
2018.116  2 12  1.07
2018.119  2 13  1.04
2018.122  2 14  1.22
2018.125  2 15  1.39
2018.127  2 16  1.06
2018.130  2 17  1.74
2018.133  2 18  2.43
2018.136  2 19  2.12
2018.138  2 20  1.72
2018.141  2 21  2.01
2018.144  2 22  2.13
2018.147  2 23  2.53
2018.149  2 24  2.19
2018.152  2 25  2.25
2018.155  2 26  2.31
2018.158  2 27  2.51
2018.160  2 28  3.18
2018.163  3  1  3.43
2018.166  3  2  3.16
2018.168  3  3  3.40
2018.171  3  4  3.09
2018.174  3  5  2.59
2018.177  3  6  2.54
2018.179  3  7  2.35
2018.182  3  8  1.50
2018.185  3  9  1.30
2018.188  3 10  1.36
2018.190  3 11  1.65
2018.193  3 12  2.01
2018.196  3 13  2.21
2018.199  3 14  2.20
2018.201  3 15  2.41
2018.204  3 16  2.66
2018.207  3 17  2.85
2018.210  3 18  2.60
2018.212  3 19  2.42
2018.215  3 20  1.76
2018.218  3 21  1.36
2018.221  3 22  1.50
2018.223  3 23  1.84
2018.226  3 24  1.70
2018.229  3 25  1.37
2018.232  3 26  1.41
2018.234  3 27  1.64
2018.237  3 28  2.44
2018.240  3 29  2.86
2018.242  3 30  3.38
2018.245  3 31  2.98
2018.248  4  1  2.48
2018.251  4  2  2.18
2018.253  4  3  2.07
2018.256  4  4  2.00
2018.259  4  5  1.87
2018.262  4  6  2.12
2018.264  4  7  2.26
2018.267  4  8  2.27
2018.270  4  9  2.55
2018.273  4 10  2.77
2018.275  4 11  2.59
2018.278  4 12  2.54
2018.281  4 13  2.27
2018.284  4 14  2.61
2018.286  4 15  2.56
2018.289  4 16  2.19
2018.292  4 17  2.32
2018.295  4 18  2.64
2018.297  4 19  2.52
2018.300  4 20  2.17
2018.303  4 21  2.05
2018.305  4 22  2.37
2018.308  4 23  1.97
2018.311  4 24  1.56
2018.314  4 25  1.63
2018.316  4 26  1.64
2018.319  4 27  1.79
2018.322  4 28  2.11
2018.325  4 29  2.45
2018.327  4 30  2.23
2018.330  5  1  2.09
2018.333  5  2  1.91
2018.336  5  3  1.74
2018.338  5  4  1.76
2018.341  5  5  2.11
2018.344  5  6  1.96
2018.347  5  7  1.92
2018.349  5  8  2.44
2018.352  5  9  2.11
2018.355  5 10  2.19
2018.358  5 11  2.37
2018.360  5 12  3.09
2018.363  5 13  3.24
2018.366  5 14  3.12
2018.368  5 15  3.15
2018.371  5 16  2.29
2018.374  5 17  1.83
2018.377  5 18  2.04
2018.379  5 19  2.70
2018.382  5 20  2.39
2018.462  6 18  2.31
2018.464  6 19  1.82
2018.467  6 20  1.88
2018.470  6 21  2.42
2018.473  6 22  2.80
2018.475  6 23  3.02
2018.478  6 24  3.00
2018.481  6 25  2.29
2018.484  6 26  2.05
2018.486  6 27  2.13
2018.489  6 28  2.47
2018.492  6 29  2.50
2018.495  6 30  2.17
2018.497  7  1  1.75
2018.500  7  2  1.50
2018.503  7  3  2.08
2018.505  7  4  2.35
2018.508  7  5  2.34
2018.511  7  6  2.27
2018.514  7  7  2.53
2018.516  7  8  2.49
2018.519  7  9  2.05
2018.522  7 10  1.99
2018.525  7 11  2.38
2018.527  7 12  2.79
2018.530  7 13  2.60
2018.533  7 14  2.88
2018.536  7 15  3.26
2018.538  7 16  2.90
2018.541  7 17  2.67
2018.544  7 18  3.05
2018.547  7 19  3.10
2018.549  7 20  3.04
2018.552  7 21  2.62
2018.555  7 22  1.85
2018.558  7 23  1.35
2018.560  7 24  1.47
2018.563  7 25  1.58
2018.566  7 26  1.83
2018.568  7 27  1.87
2018.571  7 28  2.22
2018.574  7 29  2.74
2018.577  7 30  3.31
2018.579  7 31  2.43
2018.582  8  1  2.27
2018.585  8  2  3.00
2018.588  8  3  3.02
2018.590  8  4  2.63
2018.593  8  5  2.92
2018.596  8  6  3.47
2018.599  8  7  2.56
2018.601  8  8  2.04
2018.604  8  9  2.46
2018.607  8 10  2.84
2018.610  8 11  2.65
2018.612  8 12  2.71
2018.615  8 13  3.07
2018.618  8 14  2.75
2018.621  8 15  2.03
2018.623  8 16  1.78
2018.626  8 17  1.82
2018.629  8 18  1.98
2018.632  8 19  2.16
2018.634  8 20  2.45
2018.637  8 21  2.48
2018.640  8 22  2.42
2018.642  8 23  2.50
2018.645  8 24  2.72
2018.648  8 25  2.76
2018.651  8 26  2.62
2018.653  8 27  2.55
2018.656  8 28  2.69
2018.659  8 29  2.47
2018.662  8 30  2.40
2018.664  8 31  3.12
2018.667  9  1  3.17
2018.670  9  2  2.22
2018.673  9  3  1.85
2018.675  9  4  2.38
2018.678  9  5  2.65
2018.681  9  6  2.61
2018.684  9  7  2.85
2018.686  9  8  3.18
2018.689  9  9  2.97
2018.692  9 10  2.49
2018.695  9 11  2.23
2018.697  9 12  1.88
2018.700  9 13  2.18
2018.703  9 14  2.63
2018.705  9 15  3.03
2018.708  9 16  2.66
2018.711  9 17  2.07
2018.714  9 18  2.58
2018.716  9 19  2.82
2018.719  9 20  2.46
2018.722  9 21  2.11
2018.725  9 22  2.30
2018.727  9 23  2.65
2018.730  9 24  2.29
2018.733  9 25  1.96
2018.736  9 26  1.99
2018.738  9 27  2.33
2018.741  9 28  2.38
2018.744  9 29  2.05
2018.747  9 30  2.42
2018.749 10  1  2.92
2018.752 10  2  2.50
2018.755 10  3  2.30
2018.758 10  4  2.11
2018.760 10  5  2.37
2018.763 10  6  2.51
2018.766 10  7  2.21
2018.768 10  8  1.61
2018.771 10  9  1.36
2018.774 10 10  1.68
2018.777 10 11  2.29
2018.779 10 12  2.11
2018.782 10 13  1.65
2018.785 10 14  1.57
2018.788 10 15  1.92
2018.790 10 16  2.15
2018.793 10 17  1.73
2018.796 10 18  1.78
2018.799 10 19  2.06
2018.801 10 20  1.85
2018.804 10 21  1.54
2018.807 10 22  1.50
2018.810 10 23  1.54
2018.812 10 24  1.54
2018.815 10 25  1.58
2018.818 10 26  1.85
2018.821 10 27  2.06
2018.823 10 28  1.81
2018.826 10 29  1.66
2018.829 10 30  1.71
2018.832 10 31  1.73
2018.834 11  1  1.57
2018.837 11  2  1.69
2018.840 11  3  1.72
2018.842 11  4  1.46
2018.845 11  5  1.36
2018.848 11  6  1.68
2018.851 11  7  1.80
2018.853 11  8  1.91
2018.856 11  9  1.63
2018.859 11 10  1.58
2018.862 11 11  1.57
2018.864 11 12  1.53
2018.867 11 13  1.52
2018.870 11 14  1.52
2018.873 11 15  1.51
2018.875 11 16  1.60
2018.878 11 17  2.25
2018.881 11 18  2.35
2018.884 11 19  2.51
2018.886 11 20  2.97
2018.889 11 21  3.26
2018.892 11 22  3.46
2018.895 11 23  3.20
2018.897 11 24  3.23
2018.900 11 25  3.13
2018.903 11 26  2.52
2018.905 11 27  3.08
2018.908 11 28  2.96
2018.911 11 29  2.07
2018.914 11 30  1.93
2018.916 12  1  2.41
2018.919 12  2  2.24
2018.922 12  3  2.27
2018.925 12  4  2.21
2018.927 12  5  2.16
2018.930 12  6  2.23
2018.933 12  7  1.90
2018.936 12  8  2.21
2018.938 12  9  2.61
2018.941 12 10  2.54
2018.944 12 11  2.27
2018.947 12 12  2.00
2018.949 12 13  1.97
2018.952 12 14  2.02
2018.955 12 15  2.03
2018.958 12 16  2.44
2018.960 12 17  3.17
2018.963 12 18  3.00
2018.966 12 19  2.55
2018.968 12 20  2.64
2018.971 12 21  2.67
2018.974 12 22  2.22
2018.977 12 23  1.86
2018.979 12 24  1.83
2018.982 12 25  2.21
2018.985 12 26  2.02
2018.988 12 27  1.83
2018.990 12 28  2.05
2018.993 12 29  2.08
2018.996 12 30  1.80
2018.999 12 31  1.52
2019.001  1  1  1.89
2019.004  1  2  2.49
2019.007  1  3  2.46
2019.010  1  4  2.28
2019.012  1  5  2.55
2019.015  1  6  2.82
2019.018  1  7  2.96
2019.021  1  8  2.61
2019.023  1  9  2.68
2019.026  1 10  2.74
2019.029  1 11  2.40
2019.032  1 12  1.81
2019.034  1 13  1.48
2019.037  1 14  1.72
2019.040  1 15  2.13
2019.042  1 16  1.97
2019.045  1 17  1.60
2019.048  1 18  1.52
2019.051  1 19  1.75
2019.053  1 20  2.05
2019.056  1 21  2.01
2019.059  1 22  2.21
2019.062  1 23  2.34
2019.064  1 24  2.02
2019.067  1 25  1.49
2019.070  1 26  1.55
2019.073  1 27  1.24
2019.075  1 28  1.55
2019.078  1 29  1.71
2019.081  1 30  1.58
2019.084  1 31  1.53
2019.086  2  1  1.52
2019.089  2  2  1.46
2019.092  2  3  1.38
2019.095  2  4  1.51
2019.097  2  5  1.64
2019.100  2  6  1.95
2019.103  2  7  2.01
2019.105  2  8  1.77
2019.108  2  9  1.40
2019.111  2 10  1.49
2019.114  2 11  1.90
2019.116  2 12  2.13
2019.119  2 13  1.49
2019.122  2 14  1.22
2019.125  2 15  1.49
2019.127  2 16  2.41
2019.130  2 17  3.13
2019.133  2 18  2.91
2019.136  2 19  2.22
2019.138  2 20  2.57
2019.141  2 21  2.88
2019.144  2 22  2.62
2019.147  2 23  2.58
2019.149  2 24  2.16
2019.152  2 25  2.39
2019.155  2 26  2.44
2019.158  2 27  2.37
2019.160  2 28  3.13
2019.163  3  1  2.54
2019.166  3  2  1.82
2019.168  3  3  1.89
2019.171  3  4  2.28
2019.174  3  5  2.43
2019.177  3  6  2.72
2019.179  3  7  3.24
2019.182  3  8  3.38
2019.185  3  9  3.14
2019.188  3 10  3.17
2019.190  3 11  3.29
2019.193  3 12  2.79
2019.196  3 13  1.71
2019.199  3 14  1.88
2019.201  3 15  2.49
2019.204  3 16  2.44
2019.207  3 17  1.92
2019.210  3 18  1.42
2019.212  3 19  1.18
2019.215  3 20  1.44
2019.218  3 21  2.06
2019.221  3 22  2.03
2019.223  3 23  1.38
2019.226  3 24  1.28
2019.229  3 25  1.31
2019.232  3 26  1.48
2019.234  3 27  1.33
2019.237  3 28  1.17
2019.240  3 29  1.11
2019.242  3 30  1.40
2019.245  3 31  1.78
2019.248  4  1  1.74
2019.251  4  2  1.92
2019.253  4  3  2.39
2019.256  4  4  2.84
2019.259  4  5  2.39
2019.262  4  6  2.22
2019.264  4  7  2.57
2019.267  4  8  2.55
2019.270  4  9  2.55
2019.273  4 10  2.67
2019.275  4 11  1.89
2019.278  4 12  2.27
2019.281  4 13  2.47
2019.284  4 14  2.04
2019.286  4 15  2.82
2019.289  4 16  3.57
2019.292  4 17  3.06
2019.295  4 18  3.33
2019.297  4 19  2.80
2019.300  4 20  1.97
2019.303  4 21  1.82
2019.305  4 22  2.52
2019.308  4 23  2.61
2019.311  4 24  2.30
2019.314  4 25  1.99
2019.316  4 26  1.81
2019.319  4 27  1.91
2019.322  4 28  2.27
2019.325  4 29  2.06
2019.327  4 30  2.29
2019.330  5  1  3.36
2019.333  5  2  3.22
2019.336  5  3  2.33
2019.338  5  4  2.03
2019.341  5  5  2.17
2019.344  5  6  2.26
2019.347  5  7  2.54
2019.349  5  8  2.95
2019.352  5  9  2.41
2019.355  5 10  2.18
2019.358  5 11  2.21
2019.360  5 12  2.08
2019.363  5 13  2.24
2019.366  5 14  2.67
2019.368  5 15  3.42
2019.371  5 16  3.07
2019.440  6 10  2.68
2019.442  6 11  3.21
2019.445  6 12  2.65
2019.448  6 13  2.23
2019.451  6 14  2.12
2019.453  6 15  2.21
2019.456  6 16  2.12
2019.459  6 17  2.33
2019.462  6 18  2.35
2019.464  6 19  2.02
2019.467  6 20  1.82
2019.470  6 21  2.37
2019.473  6 22  2.81
2019.475  6 23  2.98
2019.478  6 24  3.06
2019.481  6 25  2.52
2019.484  6 26  2.58
2019.486  6 27  2.50
2019.489  6 28  2.38
2019.492  6 29  2.63
2019.495  6 30  3.03
2019.497  7  1  2.53
2019.500  7  2  2.24
2019.503  7  3  2.37
2019.505  7  4  2.60
2019.508  7  5  2.54
2019.511  7  6  2.55
2019.514  7  7  2.95
2019.516  7  8  2.61
2019.519  7  9  2.19
2019.522  7 10  2.31
2019.525  7 11  3.10
2019.527  7 12  2.61
2019.530  7 13  2.03
2019.533  7 14  2.27
2019.536  7 15  3.09
2019.538  7 16  2.91
2019.541  7 17  3.07
2019.544  7 18  3.78
2019.547  7 19  3.22
2019.549  7 20  2.50
2019.552  7 21  2.46
2019.555  7 22  2.77
2019.558  7 23  3.54
2019.560  7 24  3.07
2019.563  7 25  2.97
2019.566  7 26  3.58
2019.568  7 27  2.81
2019.571  7 28  1.89
2019.574  7 29  2.26
2019.577  7 30  3.11
2019.579  7 31  3.20
2019.582  8  1  3.11
2019.585  8  2  2.85
2019.588  8  3  2.81
2019.590  8  4  2.85
2019.593  8  5  2.75
2019.596  8  6  2.57
2019.599  8  7  2.48
2019.601  8  8  2.43
2019.604  8  9  2.40
2019.607  8 10  2.48
2019.610  8 11  2.46
2019.612  8 12  2.58
2019.615  8 13  2.61
2019.618  8 14  2.44
2019.621  8 15  2.27
2019.623  8 16  2.38
2019.626  8 17  2.50
2019.629  8 18  2.60
2019.632  8 19  2.83
2019.634  8 20  2.95
2019.637  8 21  3.28
2019.640  8 22  2.93
2019.642  8 23  2.57
2019.645  8 24  2.00
2019.648  8 25  1.67
2019.651  8 26  1.88
2019.653  8 27  2.51
2019.656  8 28  3.38
2019.659  8 29  3.89
2019.662  8 30  3.25
2019.664  8 31  2.91
2019.667  9  1  2.70
2019.670  9  2  2.19
2019.673  9  3  1.73
2019.675  9  4  1.64
2019.678  9  5  1.98
2019.681  9  6  2.17
2019.684  9  7  2.49
2019.686  9  8  2.30
2019.689  9  9  2.27
2019.692  9 10  2.47
2019.695  9 11  2.58
2019.697  9 12  2.21
2019.700  9 13  2.00
2019.703  9 14  2.42
2019.705  9 15  2.22
2019.708  9 16  2.78
2019.711  9 17  3.02
2019.714  9 18  3.35
2019.716  9 19  2.68
2019.719  9 20  2.31
2019.722  9 21  2.38
2019.725  9 22  2.59
2019.727  9 23  2.49
2019.730  9 24  2.38
2019.733  9 25  2.50
2019.736  9 26  3.24
2019.738  9 27  3.44
2019.741  9 28  3.50
2019.744  9 29  3.75
2019.747  9 30  3.45
2019.749 10  1  3.28
2019.752 10  2  2.70
2019.755 10  3  2.35
2019.758 10  4  2.43
2019.760 10  5  2.61
2019.763 10  6  3.37
2019.766 10  7  3.72
2019.768 10  8  3.15
2019.771 10  9  3.31
2019.774 10 10  3.07
2019.777 10 11  2.62
2019.779 10 12  2.47
2019.782 10 13  3.07
2019.785 10 14  3.31
2019.788 10 15  2.99
2019.790 10 16  3.49
2019.793 10 17  3.46
2019.796 10 18  2.94
2019.799 10 19  3.31
2019.801 10 20  4.18
2019.804 10 21  3.92
2019.807 10 22  3.01
2019.810 10 23  3.28
2019.812 10 24  2.82
2019.815 10 25  2.17
2019.818 10 26  1.93
2019.821 10 27  2.58
2019.823 10 28  3.11
2019.826 10 29  3.27
2019.829 10 30  3.02
2019.832 10 31  2.50
2019.834 11  1  2.52
2019.837 11  2  2.76
2019.840 11  3  3.18
2019.842 11  4  3.35
2019.845 11  5  2.96
2019.848 11  6  2.39
2019.851 11  7  2.40
2019.853 11  8  2.77
2019.856 11  9  3.11
2019.859 11 10  3.09
2019.862 11 11  3.58
2019.864 11 12  4.13
2019.867 11 13  3.34
2019.870 11 14  2.02
2019.873 11 15  1.71
2019.875 11 16  1.33
2019.878 11 17  1.58
2019.881 11 18  2.05
2019.884 11 19  2.21
2019.886 11 20  2.38
2019.889 11 21  2.63
2019.892 11 22  3.04
2019.895 11 23  3.09
2019.897 11 24  2.30
2019.900 11 25  2.13
2019.903 11 26  2.38
2019.905 11 27  2.53
2019.908 11 28  2.31
2019.911 11 29  2.01
2019.914 11 30  2.09
2019.916 12  1  2.51
2019.919 12  2  2.36
2019.922 12  3  2.19
2019.925 12  4  2.23
2019.927 12  5  2.19
2019.930 12  6  2.61
2019.933 12  7  3.07
2019.936 12  8  2.66
2019.938 12  9  1.87
2019.941 12 10  1.86
2019.944 12 11  1.67
2019.947 12 12  1.59
2019.949 12 13  1.56
2019.952 12 14  1.30
2019.955 12 15  1.42
2019.958 12 16  1.91
2019.960 12 17  2.34
2019.963 12 18  2.59
2019.966 12 19  2.81
2019.968 12 20  2.30
2019.971 12 21  2.28
2019.974 12 22  2.42
2019.977 12 23  2.65
2019.979 12 24  2.85
2019.982 12 25  2.68
2019.985 12 26  2.67
2019.988 12 27  2.95
2019.990 12 28  2.61
2019.993 12 29  2.00
2019.996 12 30  1.29
2019.999 12 31  1.77
2020.001  1  1  2.29
2020.004  1  2  2.25
2020.007  1  3  1.68
2020.010  1  4  1.57
2020.012  1  5  1.62
2020.015  1  6  1.91
2020.018  1  7  1.63
2020.020  1  8  1.34
2020.023  1  9  1.52
2020.026  1 10  1.99
2020.029  1 11  1.71
2020.031  1 12  1.29
2020.034  1 13  1.27
2020.037  1 14  1.38
2020.040  1 15  1.06
2020.042  1 16  1.40
2020.045  1 17  2.01
2020.048  1 18  1.71
2020.051  1 19  2.08
2020.053  1 20  2.56
2020.056  1 21  2.09
2020.059  1 22  2.15
2020.061  1 23  1.93
2020.064  1 24  2.28
2020.067  1 25  2.85
2020.070  1 26  3.02
2020.072  1 27  2.78
2020.075  1 28  2.68
2020.078  1 29  2.96
2020.081  1 30  2.25
2020.083  1 31  1.55
2020.086  2  1  1.37
2020.089  2  2  1.29
2020.092  2  3  1.58
2020.094  2  4  1.98
2020.097  2  5  1.84
2020.100  2  6  1.68
2020.102  2  7  1.95
2020.105  2  8  1.71
2020.108  2  9  1.76
2020.111  2 10  1.55
2020.113  2 11  2.09
2020.116  2 12  2.83
2020.119  2 13  2.51
2020.122  2 14  2.18
2020.124  2 15  1.58
2020.127  2 16  1.36
2020.130  2 17  1.14
2020.133  2 18  1.24
2020.135  2 19  1.42
2020.138  2 20  1.32
2020.141  2 21  0.96
2020.143  2 22  1.01
2020.146  2 23  1.56
2020.149  2 24  2.48
2020.152  2 25  2.20
2020.154  2 26  2.06
2020.157  2 27  1.98
2020.160  2 28  2.00
2020.163  2 29  2.17
2020.165  3  1  2.52
2020.168  3  2  1.85
2020.171  3  3  1.93
2020.173  3  4  2.13
2020.176  3  5  2.76
2020.179  3  6  2.18
2020.182  3  7  2.02
2020.184  3  8  1.52
2020.187  3  9  2.16
2020.190  3 10  2.77
2020.193  3 11  1.81
2020.195  3 12  1.87
2020.198  3 13  2.21
2020.201  3 14  1.84
2020.204  3 15  1.35
2020.206  3 16  1.52
2020.209  3 17  1.18
2020.212  3 18  1.30
2020.214  3 19  1.74
2020.217  3 20  2.48
2020.220  3 21  2.38
2020.223  3 22  2.00
2020.225  3 23  1.72
2020.228  3 24  1.47
2020.231  3 25  1.42
2020.234  3 26  1.52
2020.236  3 27  1.77
2020.239  3 28  2.16
2020.242  3 29  2.60
2020.245  3 30  2.41
2020.247  3 31  1.83
2020.250  4  1  1.36
2020.253  4  2  1.04
2020.255  4  3  1.51
2020.258  4  4  1.95
2020.261  4  5  1.71
2020.264  4  6  1.17
2020.266  4  7  0.92
2020.269  4  8  0.93
2020.272  4  9  1.12
2020.275  4 10  1.36
2020.277  4 11  1.38
2020.280  4 12  1.54
2020.283  4 13  2.25
2020.286  4 14  2.08
2020.288  4 15  1.78
2020.291  4 16  2.13
2020.294  4 17  2.45
2020.296  4 18  2.65
2020.299  4 19  2.25
2020.302  4 20  2.02
2020.305  4 21  2.28
2020.307  4 22  2.70
2020.310  4 23  2.90
2020.313  4 24  2.32
2020.316  4 25  1.95
2020.318  4 26  1.80
2020.321  4 27  2.06
2020.324  4 28  2.18
2020.327  4 29  2.25
2020.329  4 30  2.44
2020.332  5  1  2.29
2020.335  5  2  2.29
2020.337  5  3  1.91
2020.340  5  4  2.15
2020.343  5  5  2.10
2020.346  5  6  2.84
2020.348  5  7  3.22
2020.351  5  8  2.96
2020.354  5  9  2.47
2020.357  5 10  2.40
2020.359  5 11  2.23
2020.362  5 12  2.04
2020.365  5 13  2.10
2020.367  5 14  2.27
2020.370  5 15  2.32
2020.373  5 16  2.65
2020.376  5 17  2.58
2020.378  5 18  2.23
2020.381  5 19  1.84
2020.384  5 20  2.08
2020.387  5 21  2.03
2020.449  6 13  2.86
2020.452  6 14  2.16
2020.455  6 15  1.87
2020.458  6 16  1.62
2020.460  6 17  1.64
2020.463  6 18  1.80
2020.466  6 19  2.32
2020.469  6 20  2.18
2020.471  6 21  1.92
2020.474  6 22  1.88
2020.477  6 23  2.13
2020.480  6 24  2.36
2020.482  6 25  2.00
2020.485  6 26  1.70
2020.488  6 27  2.03
2020.490  6 28  2.96
2020.493  6 29  2.87
2020.496  6 30  2.54
2020.499  7  1  2.68
2020.501  7  2  2.50
2020.504  7  3  2.37
2020.507  7  4  2.39
2020.510  7  5  3.34
2020.512  7  6  2.54
2020.515  7  7  1.75
2020.518  7  8  1.93
2020.520  7  9  2.57
2020.523  7 10  3.21
2020.526  7 11  2.93
2020.529  7 12  2.82
2020.531  7 13  3.04
2020.534  7 14  2.72
2020.537  7 15  2.25
2020.540  7 16  1.87
2020.542  7 17  2.10
2020.545  7 18  2.08
2020.548  7 19  1.98
2020.551  7 20  2.19
2020.553  7 21  2.39
2020.556  7 22  2.74
2020.559  7 23  2.69
2020.561  7 24  2.64
2020.564  7 25  2.46
2020.567  7 26  2.49
2020.570  7 27  2.31
2020.572  7 28  2.12
2020.575  7 29  2.10
2020.578  7 30  2.41
2020.581  7 31  2.23
2020.583  8  1  1.83
2020.586  8  2  1.81
2020.589  8  3  2.22
2020.592  8  4  2.38
2020.594  8  5  2.17
2020.597  8  6  2.12
2020.600  8  7  2.15
2020.602  8  8  1.98
2020.605  8  9  2.48
2020.608  8 10  2.82
2020.611  8 11  2.94
2020.613  8 12  3.29
2020.616  8 13  2.67
2020.619  8 14  1.87
2020.622  8 15  1.83
2020.624  8 16  2.16
2020.627  8 17  2.09
2020.630  8 18  2.18
2020.633  8 19  2.58
2020.635  8 20  2.86
2020.638  8 21  2.66
2020.641  8 22  2.45
2020.643  8 23  2.54
2020.646  8 24  2.52
2020.649  8 25  2.14
2020.652  8 26  1.99
2020.654  8 27  2.53
2020.657  8 28  2.82
2020.660  8 29  2.83
2020.663  8 30  2.65
2020.665  8 31  3.64
2020.668  9  1  2.81
2020.671  9  2  1.93
2020.673  9  3  2.44
2020.676  9  4  3.81
2020.679  9  5  2.81
2020.682  9  6  2.11
2020.684  9  7  2.34
2020.687  9  8  2.22
2020.690  9  9  1.52
2020.693  9 10  1.24
2020.695  9 11  1.41
2020.698  9 12  1.86
2020.701  9 13  1.86
2020.704  9 14  2.06
2020.706  9 15  2.65
2020.709  9 16  3.06
2020.712  9 17  2.71
2020.714  9 18  2.74
2020.717  9 19  2.62
2020.720  9 20  2.01
2020.723  9 21  1.62
2020.725  9 22  1.72
2020.728  9 23  1.82
2020.731  9 24  1.87
2020.734  9 25  1.68
2020.736  9 26  1.74
2020.739  9 27  1.95
2020.742  9 28  2.06
2020.745  9 29  2.22
2020.747  9 30  2.36
2020.750 10  1  2.38
2020.753 10  2  2.20
2020.755 10  3  2.01
2020.758 10  4  1.65
2020.761 10  5  1.46
2020.764 10  6  1.26
2020.766 10  7  1.12
2020.769 10  8  1.16
2020.772 10  9  1.28
2020.775 10 10  1.49
2020.777 10 11  1.62
2020.780 10 12  1.79
2020.783 10 13  2.11
2020.786 10 14  2.55
2020.788 10 15  2.88
2020.791 10 16  3.18
2020.794 10 17  3.44
2020.796 10 18  2.95
2020.799 10 19  2.50
2020.802 10 20  2.37
2020.805 10 21  2.76
2020.807 10 22  3.05
2020.810 10 23  2.38
2020.813 10 24  2.62
2020.816 10 25  2.90
2020.818 10 26  2.73
2020.821 10 27  2.67
2020.824 10 28  2.52
2020.827 10 29  2.36
2020.829 10 30  2.42
2020.832 10 31  2.31
2020.835 11  1  2.13
2020.837 11  2  1.65
2020.840 11  3  1.53
2020.843 11  4  1.52
2020.846 11  5  1.46
2020.848 11  6  1.62
2020.851 11  7  1.74
2020.854 11  8  1.91
2020.857 11  9  2.04
2020.859 11 10  2.50
2020.862 11 11  2.71
2020.865 11 12  2.17
2020.867 11 13  2.16
2020.870 11 14  1.90
2020.873 11 15  1.91
2020.876 11 16  1.66
2020.878 11 17  1.48
2020.881 11 18  1.57
2020.884 11 19  1.97
2020.887 11 20  2.17
2020.889 11 21  1.78
2020.892 11 22  1.83
2020.895 11 23  2.62
2020.898 11 24  2.86
2020.900 11 25  3.02
2020.903 11 26  3.30
2020.906 11 27  2.58
2020.908 11 28  2.08
2020.911 11 29  2.35
2020.914 11 30  2.06
2020.917 12  1  1.84
2020.919 12  2  1.41
2020.922 12  3  1.26
2020.925 12  4  1.46
2020.928 12  5  1.95
2020.930 12  6  1.87
2020.933 12  7  2.02
2020.936 12  8  2.01
2020.939 12  9  2.30
2020.941 12 10  2.90
2020.944 12 11  2.49
2020.947 12 12  2.20
2020.949 12 13  2.29
2020.952 12 14  2.62
2020.955 12 15  2.29
2020.958 12 16  2.30
2020.960 12 17  2.96
2020.963 12 18  2.60
2020.966 12 19  1.87
2020.969 12 20  1.97
2020.971 12 21  1.99
2020.974 12 22  1.88
2020.977 12 23  2.12
2020.980 12 24  2.84
2020.982 12 25  2.63
2020.985 12 26  1.99
2020.988 12 27  2.15
2020.990 12 28  2.36
2020.993 12 29  1.78
2020.996 12 30  1.35
2020.999 12 31  1.38
2021.001  1  1  1.75
2021.004  1  2  2.05
2021.007  1  3  2.17
2021.010  1  4  2.12
2021.012  1  5  2.14
2021.015  1  6  2.14
2021.018  1  7  2.00
2021.021  1  8  2.01
2021.023  1  9  1.66
2021.026  1 10  1.20
2021.029  1 11  1.01
2021.032  1 12  1.11
2021.034  1 13  1.31
2021.037  1 14  1.72
2021.040  1 15  2.17
2021.042  1 16  2.64
2021.045  1 17  2.19
2021.048  1 18  2.18
2021.051  1 19  2.17
2021.053  1 20  2.37
2021.056  1 21  1.98
2021.059  1 22  1.45
2021.062  1 23  1.42
2021.064  1 24  1.43
2021.067  1 25  1.50
2021.070  1 26  1.70
2021.073  1 27  2.07
2021.075  1 28  2.12
2021.078  1 29  2.33
2021.081  1 30  1.96
2021.084  1 31  2.37
2021.086  2  1  2.42
2021.089  2  2  1.87
2021.092  2  3  2.14
2021.095  2  4  2.47
2021.097  2  5  3.04
2021.100  2  6  2.69
2021.103  2  7  2.77
2021.105  2  8  2.30
2021.108  2  9  2.37
2021.111  2 10  2.67
2021.114  2 11  2.79
2021.116  2 12  2.52
2021.119  2 13  2.18
2021.122  2 14  2.50
2021.125  2 15  2.60
2021.127  2 16  2.55
2021.130  2 17  2.28
2021.133  2 18  2.52
2021.136  2 19  2.65
2021.138  2 20  1.92
2021.141  2 21  1.57
2021.144  2 22  1.64
2021.147  2 23  2.19
2021.149  2 24  2.08
2021.152  2 25  1.95
2021.155  2 26  2.61
2021.158  2 27  3.06
2021.160  2 28  2.71
2021.163  3  1  2.12
2021.166  3  2  2.16
2021.168  3  3  2.49
2021.171  3  4  2.66
2021.174  3  5  2.56
2021.177  3  6  2.50
2021.179  3  7  2.27
2021.182  3  8  2.07
2021.185  3  9  2.18
2021.188  3 10  1.85
2021.190  3 11  1.15
2021.193  3 12  1.03
2021.196  3 13  1.13
2021.199  3 14  1.34
2021.201  3 15  1.86
2021.204  3 16  2.04
2021.207  3 17  1.84
2021.210  3 18  1.73
2021.212  3 19  1.76
2021.215  3 20  1.50
2021.218  3 21  1.35
2021.221  3 22  1.26
2021.223  3 23  1.33
2021.226  3 24  1.12
2021.229  3 25  1.11
2021.232  3 26  1.07
2021.234  3 27  1.18
2021.237  3 28  1.62
2021.240  3 29  1.44
2021.242  3 30  1.58
2021.245  3 31  1.72
2021.248  4  1  1.81
2021.251  4  2  1.74
2021.253  4  3  1.47
2021.256  4  4  1.63
2021.259  4  5  1.46
2021.262  4  6  1.34
2021.264  4  7  1.19
2021.267  4  8  1.19
2021.270  4  9  0.87
2021.273  4 10  0.98
2021.275  4 11  1.04
2021.278  4 12  1.15
2021.281  4 13  1.19
2021.284  4 14  1.61
2021.286  4 15  1.84
2021.289  4 16  1.45
2021.292  4 17  1.26
2021.295  4 18  0.90
2021.297  4 19  1.02
2021.300  4 20  1.26
2021.303  4 21  1.40
2021.305  4 22  1.75
2021.308  4 23  1.97
2021.311  4 24  1.59
2021.314  4 25  1.91
2021.316  4 26  2.45
2021.319  4 27  2.06
2021.322  4 28  2.19
2021.325  4 29  2.13
2021.327  4 30  2.28
2021.330  5  1  2.29
2021.333  5  2  1.95
2021.336  5  3  1.75
2021.338  5  4  1.77
2021.341  5  5  1.84
2021.344  5  6  1.80
2021.347  5  7  1.78
2021.349  5  8  1.73
2021.352  5  9  1.90
2021.355  5 10  2.15
2021.358  5 11  2.09
2021.360  5 12  2.09
2021.363  5 13  2.12
2021.366  5 14  2.15
2021.368  5 15  1.92
2021.371  5 16  1.86
2021.374  5 17  2.01
2021.377  5 18  2.48
2021.379  5 19  2.76
2021.382  5 20  2.90
2021.385  5 21  2.61
2021.388  5 22  1.78
2021.390  5 23  1.69
2021.393  5 24  1.99
2021.448  6 13  2.07
2021.451  6 14  2.28
2021.453  6 15  2.73
2021.456  6 16  2.96
2021.459  6 17  2.43
2021.462  6 18  2.43
2021.464  6 19  2.58
2021.467  6 20  2.84
2021.470  6 21  2.22
2021.473  6 22  2.55
2021.475  6 23  3.22
2021.478  6 24  2.50
2021.481  6 25  1.86
2021.484  6 26  1.94
2021.486  6 27  2.47
2021.489  6 28  2.39
2021.492  6 29  2.28
2021.495  6 30  2.95
2021.497  7  1  3.19
2021.500  7  2  2.52
2021.503  7  3  2.48
2021.505  7  4  2.47
2021.508  7  5  2.72
2021.511  7  6  2.37
2021.514  7  7  2.44
2021.516  7  8  2.22
2021.519  7  9  1.92
2021.522  7 10  1.89
2021.525  7 11  2.14
2021.527  7 12  2.48
2021.530  7 13  2.31
2021.533  7 14  2.55
2021.536  7 15  2.96
2021.538  7 16  2.78
2021.541  7 17  2.24
2021.544  7 18  1.60
2021.547  7 19  1.97
2021.549  7 20  2.40
2021.552  7 21  2.58
2021.555  7 22  2.42
2021.558  7 23  2.35
2021.560  7 24  2.59
2021.563  7 25  2.51
2021.566  7 26  2.25
2021.568  7 27  2.35
2021.571  7 28  2.50
2021.574  7 29  2.32
2021.577  7 30  2.20
2021.579  7 31  2.19
2021.582  8  1  2.38
2021.585  8  2  2.60
2021.588  8  3  2.40
2021.590  8  4  2.55
2021.593  8  5  3.15
2021.596  8  6  2.77
2021.599  8  7  2.55
2021.601  8  8  2.18
2021.604  8  9  2.01
2021.607  8 10  1.89
2021.610  8 11  2.73
2021.612  8 12  3.23
2021.615  8 13  3.07
2021.618  8 14  2.61
2021.621  8 15  2.68
2021.623  8 16  2.57
2021.626  8 17  2.11
2021.629  8 18  1.80
2021.632  8 19  1.92
2021.634  8 20  2.37
2021.637  8 21  2.77
2021.640  8 22  3.00
2021.642  8 23  2.98
2021.645  8 24  2.82
2021.648  8 25  2.89
2021.651  8 26  2.61
2021.653  8 27  2.41
2021.656  8 28  2.83
2021.659  8 29  3.01
2021.662  8 30  2.78
2021.664  8 31  2.27
2021.667  9  1  1.81
2021.670  9  2  1.72
2021.673  9  3  1.95
2021.675  9  4  2.07
2021.678  9  5  2.14
2021.681  9  6  2.18
2021.684  9  7  2.25
2021.686  9  8  2.11
2021.689  9  9  2.12
2021.692  9 10  2.22
2021.695  9 11  2.00
2021.697  9 12  1.76
2021.700  9 13  1.63
2021.703  9 14  1.52
2021.705  9 15  1.50
2021.708  9 16  1.42
2021.711  9 17  1.60
2021.714  9 18  1.68
2021.716  9 19  1.74
2021.719  9 20  1.73
2021.722  9 21  1.75
2021.725  9 22  1.53
2021.727  9 23  1.29
2021.730  9 24  1.18
2021.733  9 25  1.35
2021.736  9 26  1.42
2021.738  9 27  1.37
2021.741  9 28  1.39
2021.744  9 29  1.39
2021.747  9 30  1.50
2021.749 10  1  1.34
2021.752 10  2  1.37
2021.755 10  3  1.56
2021.758 10  4  1.50
2021.760 10  5  1.59
2021.763 10  6  1.75
2021.766 10  7  1.93
2021.768 10  8  1.81
2021.771 10  9  1.67
2021.774 10 10  1.64
2021.777 10 11  1.74
2021.779 10 12  1.95
2021.782 10 13  2.11
2021.785 10 14  1.92
2021.788 10 15  1.97
2021.790 10 16  2.15
2021.793 10 17  2.53
2021.796 10 18  2.45
2021.799 10 19  2.10
2021.801 10 20  1.75
2021.804 10 21  2.02
2021.807 10 22  2.72
2021.810 10 23  2.82
2021.812 10 24  1.95
2021.815 10 25  1.39
2021.818 10 26  1.25
2021.821 10 27  1.37
2021.823 10 28  1.57
2021.826 10 29  1.54
2021.829 10 30  1.67
2021.832 10 31  1.59
2021.834 11  1  1.79
2021.837 11  2  1.83
2021.840 11  3  1.91
2021.842 11  4  1.79
2021.845 11  5  1.50
2021.848 11  6  1.61
2021.851 11  7  1.80
2021.853 11  8  2.36
2021.856 11  9  2.16
2021.859 11 10  1.82
2021.862 11 11  1.83
2021.864 11 12  2.34
2021.867 11 13  2.67
2021.870 11 14  2.62
2021.873 11 15  2.06
2021.875 11 16  1.82
2021.878 11 17  1.66
2021.881 11 18  1.85
2021.884 11 19  1.49
2021.886 11 20  1.29
2021.889 11 21  1.53
2021.892 11 22  2.11
2021.895 11 23  2.32
2021.897 11 24  1.96
2021.900 11 25  1.52
2021.903 11 26  1.32
2021.905 11 27  1.52
2021.908 11 28  1.89
2021.911 11 29  1.84
2021.914 11 30  1.62
2021.916 12  1  1.75
2021.919 12  2  1.94
2021.922 12  3  1.85
2021.925 12  4  1.78
2021.927 12  5  1.81
2021.930 12  6  1.85
2021.933 12  7  1.65
2021.936 12  8  1.83
2021.938 12  9  2.22
2021.941 12 10  2.26
2021.944 12 11  2.28
2021.947 12 12  1.73
2021.949 12 13  1.57
2021.952 12 14  1.59
2021.955 12 15  1.44
2021.958 12 16  1.61
2021.960 12 17  2.11
2021.963 12 18  2.19
2021.966 12 19  2.53
2021.968 12 20  3.31
2021.971 12 21  3.15
2021.974 12 22  3.08
2021.977 12 23  2.73
2021.979 12 24  2.94
2021.982 12 25  3.14
2021.985 12 26  3.30
2021.988 12 27  3.18
2021.990 12 28  3.34
2021.993 12 29  2.49
2021.996 12 30  2.45
2021.999 12 31  2.79
2022.001  1  1  2.62
2022.004  1  2  2.59
2022.007  1  3  2.52
2022.010  1  4  1.87
2022.012  1  5  1.67
2022.015  1  6  1.73
2022.018  1  7  2.46
2022.021  1  8  3.33
2022.023  1  9  2.71
2022.026  1 10  2.58
2022.029  1 11  1.99
2022.032  1 12  1.42
2022.034  1 13  1.27
2022.037  1 14  1.54
2022.040  1 15  2.03
2022.042  1 16  1.53
2022.045  1 17  1.58
2022.048  1 18  1.75
2022.051  1 19  2.00
2022.053  1 20  2.66
2022.056  1 21  2.41
2022.059  1 22  2.28
2022.062  1 23  2.47
2022.064  1 24  2.40
2022.067  1 25  2.57
2022.070  1 26  1.76
2022.073  1 27  1.30
2022.075  1 28  1.67
2022.078  1 29  1.86
2022.081  1 30  2.07
2022.084  1 31  2.13
2022.086  2  1  2.40
2022.089  2  2  2.79
2022.092  2  3  2.88
2022.095  2  4  1.93
2022.097  2  5  1.13
2022.100  2  6  0.91
2022.103  2  7  1.26
2022.105  2  8  0.86
2022.108  2  9  0.78
2022.111  2 10  0.88
2022.114  2 11  1.34
2022.116  2 12  1.46
2022.119  2 13  1.31
2022.122  2 14  1.41
2022.125  2 15  2.26
2022.127  2 16  2.43
2022.130  2 17  2.21
2022.133  2 18  1.89
2022.136  2 19  1.89
2022.138  2 20  1.99
2022.141  2 21  1.54
2022.144  2 22  1.25
2022.147  2 23  0.78
2022.149  2 24  0.67
2022.152  2 25  1.12
2022.155  2 26  1.39
2022.158  2 27  1.15
2022.160  2 28  1.24
2022.163  3  1  0.82
2022.166  3  2  1.52
2022.168  3  3  2.44
2022.171  3  4  2.17
2022.174  3  5  1.70
2022.177  3  6  1.29
2022.179  3  7  1.33
2022.182  3  8  1.84
2022.185  3  9  2.43
2022.188  3 10  1.46
2022.190  3 11  1.34
2022.193  3 12  1.29
2022.196  3 13  1.30
2022.199  3 14  1.52
2022.201  3 15  1.94
2022.204  3 16  2.22
2022.207  3 17  2.92
2022.210  3 18  2.72
2022.212  3 19  2.79
2022.215  3 20  2.23
2022.218  3 21  2.13
2022.221  3 22  2.62
2022.223  3 23  2.28
2022.226  3 24  1.92
2022.229  3 25  1.81
2022.232  3 26  2.24
2022.234  3 27  2.69
2022.237  3 28  2.95
2022.240  3 29  2.87
2022.242  3 30  3.27
2022.245  3 31  2.17
2022.248  4  1  1.75
2022.251  4  2  1.56
2022.253  4  3  2.07
2022.256  4  4  2.24
2022.259  4  5  2.10
2022.262  4  6  1.66
2022.264  4  7  1.85
2022.267  4  8  2.58
2022.270  4  9  2.43
2022.273  4 10  1.69
2022.275  4 11  1.80
2022.278  4 12  2.17
2022.281  4 13  2.24
2022.284  4 14  2.90
2022.286  4 15  3.30
2022.289  4 16  3.09
2022.292  4 17  2.62
2022.295  4 18  2.07
2022.297  4 19  2.08
2022.300  4 20  1.84
2022.303  4 21  2.50
2022.305  4 22  3.23
2022.308  4 23  3.03
2022.311  4 24  2.83
2022.314  4 25  2.81
2022.316  4 26  2.76
2022.319  4 27  3.36
2022.322  4 28  3.45
2022.325  4 29  3.37
2022.327  4 30  2.46
2022.330  5  1  3.07
2022.333  5  2  2.72
2022.336  5  3  1.83
2022.338  5  4  1.41
2022.341  5  5  1.80
2022.344  5  6  1.96
2022.347  5  7  1.96
2022.349  5  8  2.53
2022.352  5  9  3.29
2022.355  5 10  3.01
2022.358  5 11  1.88
2022.360  5 12  1.50
2022.363  5 13  1.79
2022.421  6  3  2.81
2022.423  6  4  2.62
2022.426  6  5  2.32
2022.429  6  6  2.53
2022.432  6  7  2.36
2022.434  6  8  2.28
2022.437  6  9  2.49
2022.440  6 10  3.04
2022.442  6 11  2.84
2022.445  6 12  2.43
2022.448  6 13  2.59
2022.451  6 14  2.73
2022.453  6 15  2.51
2022.456  6 16  2.53
2022.459  6 17  2.51
2022.462  6 18  1.95
2022.464  6 19  2.11
2022.467  6 20  2.44
2022.470  6 21  2.44
2022.473  6 22  2.25
2022.475  6 23  2.21
2022.478  6 24  2.44
2022.481  6 25  2.26
2022.484  6 26  1.89
2022.486  6 27  1.64
2022.489  6 28  1.79
2022.492  6 29  2.17
2022.495  6 30  2.02
2022.497  7  1  1.89
2022.500  7  2  2.06
2022.503  7  3  2.29
2022.505  7  4  2.27
2022.508  7  5  2.35
2022.511  7  6  2.46
2022.514  7  7  2.40
2022.516  7  8  2.30
2022.519  7  9  2.67
2022.522  7 10  2.38
2022.525  7 11  1.61
2022.527  7 12  1.30
2022.530  7 13  1.18
2022.533  7 14  1.55
2022.536  7 15  1.82
2022.538  7 16  1.87
2022.541  7 17  2.29
2022.544  7 18  2.84
2022.547  7 19  3.32
2022.549  7 20  2.67
2022.552  7 21  2.54
2022.555  7 22  2.73
2022.558  7 23  2.26
2022.560  7 24  2.10
2022.563  7 25  2.33
2022.566  7 26  2.57
2022.568  7 27  2.09
2022.571  7 28  1.96
2022.574  7 29  2.13
2022.577  7 30  2.36
2022.579  7 31  2.32
2022.582  8  1  2.20
2022.585  8  2  1.93
2022.588  8  3  1.68
2022.590  8  4  1.71
2022.593  8  5  1.94
2022.596  8  6  2.20
2022.599  8  7  2.28
2022.601  8  8  2.16
2022.604  8  9  2.16
2022.607  8 10  1.99
2022.610  8 11  1.90
2022.612  8 12  2.17
2022.615  8 13  2.45
2022.618  8 14  2.81
2022.621  8 15  3.07
2022.623  8 16  2.85
2022.626  8 17  2.23
2022.629  8 18  2.13
2022.632  8 19  2.29
2022.634  8 20  2.34
2022.637  8 21  2.07
2022.640  8 22  2.26
2022.642  8 23  2.55
2022.645  8 24  2.24
2022.648  8 25  2.24
2022.651  8 26  2.44
2022.653  8 27  2.56
2022.656  8 28  2.81
2022.659  8 29  3.37
2022.662  8 30  3.32
2022.664  8 31  2.86
2022.667  9  1  2.85
2022.670  9  2  3.11
2022.673  9  3  2.77
2022.675  9  4  2.65
2022.678  9  5  3.09
2022.681  9  6  3.02
2022.684  9  7  2.34
2022.686  9  8  3.11
2022.689  9  9  3.87
2022.692  9 10  2.95
2022.695  9 11  2.77
2022.697  9 12  3.34
2022.700  9 13  3.25
2022.703  9 14  2.59
2022.705  9 15  2.17
2022.708  9 16  2.86
2022.711  9 17  3.39
2022.714  9 18  2.74
2022.716  9 19  2.38
2022.719  9 20  3.26
2022.722  9 21  3.15
2022.725  9 22  2.90
2022.727  9 23  3.81
2022.730  9 24  3.98
2022.733  9 25  2.06
2022.736  9 26  1.85
2022.738  9 27  1.69
2022.741  9 28  1.61
2022.744  9 29  1.53
2022.747  9 30  1.90
2022.749 10  1  1.75
2022.752 10  2  1.76
2022.755 10  3  1.94
2022.758 10  4  2.09
2022.760 10  5  1.85
2022.763 10  6  1.68
2022.766 10  7  1.59
2022.768 10  8  1.61
2022.771 10  9  1.73
2022.774 10 10  1.49
2022.777 10 11  1.36
2022.779 10 12  1.51
2022.782 10 13  1.87
2022.785 10 14  1.65
2022.788 10 15  1.43
2022.790 10 16  1.59
2022.793 10 17  1.74
2022.796 10 18  1.74
2022.799 10 19  2.00
2022.801 10 20  2.59
2022.804 10 21  3.01
2022.807 10 22  3.00
2022.810 10 23  2.99
2022.812 10 24  2.88
2022.815 10 25  2.88
2022.818 10 26  2.86
2022.821 10 27  2.20
2022.823 10 28  2.08
2022.826 10 29  2.74
2022.829 10 30  3.29
2022.832 10 31  3.37
2022.834 11  1  3.84
2022.837 11  2  3.61
2022.840 11  3  2.13
2022.842 11  4  2.21
2022.845 11  5  2.00
2022.848 11  6  2.00
2022.851 11  7  2.38
2022.853 11  8  2.54
2022.856 11  9  2.49
2022.859 11 10  2.13
2022.862 11 11  1.62
2022.864 11 12  1.74
2022.867 11 13  2.42
2022.870 11 14  2.20
2022.873 11 15  2.24
2022.875 11 16  2.62
2022.878 11 17  2.54
2022.881 11 18  2.89
2022.884 11 19  3.35
2022.886 11 20  3.00
2022.889 11 21  2.92
2022.892 11 22  2.76
2022.895 11 23  2.67
2022.897 11 24  2.44
2022.900 11 25  2.04
2022.903 11 26  1.75
2022.905 11 27  2.13
2022.908 11 28  2.57
2022.911 11 29  3.05
2022.914 11 30  2.79
2022.916 12  1  2.43
2022.919 12  2  2.76
2022.922 12  3  3.05
2022.925 12  4  2.44
2022.927 12  5  2.80
2022.930 12  6  3.13
2022.933 12  7  3.02
2022.936 12  8  3.04
2022.938 12  9  2.86
2022.941 12 10  2.82
2022.944 12 11  2.49
2022.947 12 12  2.66
2022.949 12 13  2.94
2022.952 12 14  3.11
2022.955 12 15  2.71
2022.958 12 16  2.73
2022.960 12 17  2.84
2022.963 12 18  3.56
2022.966 12 19  4.00
2022.968 12 20  2.81
2022.971 12 21  2.44
2022.974 12 22  2.88
2022.977 12 23  3.05
2022.979 12 24  2.98
2022.982 12 25  2.51
2022.985 12 26  1.50
2022.988 12 27  1.62
2022.990 12 28  1.58
2022.993 12 29  1.42
2022.996 12 30  1.46
2022.999 12 31  1.53
2023.001  1  1  1.69
2023.004  1  2  1.93
2023.007  1  3  1.97
2023.010  1  4  1.92
2023.012  1  5  1.93
2023.015  1  6  2.11
2023.018  1  7  2.47
2023.021  1  8  2.31
2023.023  1  9  2.33
2023.026  1 10  2.27
2023.029  1 11  2.24
2023.032  1 12  2.51
2023.034  1 13  2.36
2023.037  1 14  2.50
2023.040  1 15  3.23
2023.042  1 16  3.02
2023.045  1 17  2.21
2023.048  1 18  1.64
2023.051  1 19  1.71
2023.053  1 20  2.09
2023.056  1 21  1.95
2023.059  1 22  1.55
2023.062  1 23  1.84
2023.064  1 24  2.21
2023.067  1 25  2.36
2023.070  1 26  2.57
2023.073  1 27  2.28
2023.075  1 28  1.81
2023.078  1 29  1.41
2023.081  1 30  1.42
2023.084  1 31  1.64
2023.086  2  1  1.52
2023.089  2  2  1.64
2023.092  2  3  1.56
2023.095  2  4  1.57
2023.097  2  5  1.60
2023.100  2  6  1.57
2023.103  2  7  1.37
2023.105  2  8  1.51
2023.108  2  9  1.49
2023.111  2 10  2.16
2023.114  2 11  1.83
2023.116  2 12  1.50
2023.119  2 13  1.64
2023.122  2 14  2.09
2023.125  2 15  2.27
2023.127  2 16  1.89
2023.130  2 17  1.35
2023.133  2 18  1.62
2023.136  2 19  1.66
2023.138  2 20  1.04
2023.141  2 21  1.22
2023.144  2 22  1.44
2023.147  2 23  1.67
2023.149  2 24  1.44
2023.152  2 25  1.37
2023.155  2 26  1.29
2023.158  2 27  1.66
2023.160  2 28  2.50
2023.163  3  1  2.73
2023.166  3  2  2.55
2023.168  3  3  3.24
2023.171  3  4  4.04
2023.174  3  5  3.53
2023.177  3  6  2.85
2023.179  3  7  2.64
2023.182  3  8  2.07
2023.185  3  9  1.90
2023.188  3 10  2.39
2023.190  3 11  2.37
2023.193  3 12  2.32
2023.196  3 13  2.03
2023.199  3 14  1.76
2023.201  3 15  1.23
2023.204  3 16  1.04
2023.207  3 17  1.12
2023.210  3 18  2.17
2023.212  3 19  3.24
2023.215  3 20  2.66
2023.218  3 21  2.88
2023.221  3 22  2.29
2023.223  3 23  2.03
2023.226  3 24  1.87
2023.229  3 25  2.21
2023.232  3 26  2.97
2023.234  3 27  3.27
2023.237  3 28  2.62
2023.240  3 29  2.34
2023.242  3 30  2.74
2023.245  3 31  2.59
2023.248  4  1  2.10
2023.251  4  2  2.13
2023.253  4  3  2.83
2023.256  4  4  3.10
2023.259  4  5  2.27
2023.262  4  6  1.43
2023.264  4  7  1.97
2023.267  4  8  2.66
2023.270  4  9  2.50
2023.273  4 10  1.54
2023.275  4 11  1.26
2023.278  4 12  1.48
2023.281  4 13  1.90
2023.284  4 14  2.06
2023.286  4 15  2.20
2023.289  4 16  2.33
2023.292  4 17  2.34
2023.295  4 18  1.98
2023.297  4 19  1.77
2023.300  4 20  1.79
2023.303  4 21  1.98
2023.305  4 22  2.44
2023.308  4 23  2.70
2023.311  4 24  2.50
2023.314  4 25  2.11
2023.316  4 26  2.00
2023.319  4 27  2.47
2023.322  4 28  2.88
2023.325  4 29  2.16
2023.327  4 30  1.70
2023.330  5  1  1.93
2023.333  5  2  2.22
2023.336  5  3  2.19
2023.338  5  4  1.90
2023.341  5  5  1.79
2023.344  5  6  2.37
2023.347  5  7  2.46
2023.349  5  8  1.69
2023.352  5  9  1.58
2023.355  5 10  2.58
2023.358  5 11  2.69
2023.360  5 12  2.47
2023.363  5 13  3.19
2023.366  5 14  2.80
2023.368  5 15  2.00
2023.371  5 16  2.49
2023.374  5 17  3.36
2023.377  5 18  2.49
2023.379  5 19  1.49
